ID;Date;Service;Ligne;Nom de la ligne;Taux de ponctualité;Nombre de voyageurs à l'heure pour un voyageur en retard
TRA_8;2013-02;Transilien;K;Paris Nord Crépy;75.2;3.0
TRA_13;2013-02;Transilien;U;La Verrière - La Défense;91.7;11.0
TRA_4;2013-03;RER;D;RER D;80.0;4.0
TRA_5;2013-03;RER;E;RER E;92.9;13.1
TRA_11;2013-03;Transilien;P;Paris Est;89.0;8.1
TRA_12;2013-03;Transilien;R;Paris Sud Est;89.2;8.3
TRA_13;2013-03;Transilien;U;La Verrière - La Défense;89.2;8.3
TRA_5;2013-04;RER;E;RER E;96.2;25.3
TRA_13;2013-04;Transilien;U;La Verrière - La Défense;90.1;9.1
TRA_1;2013-05;RER;A;RER A;86.4;6.4
TRA_3;2013-05;RER;C;RER C;92.3;12.0
TRA_4;2013-05;RER;D;RER D;87.1;6.8
TRA_5;2013-05;RER;E;RER E;95.5;21.2
TRA_1;2013-06;RER;A;RER A;83.4;5.0
TRA_3;2013-06;RER;C;RER C;90.3;9.3
TRA_7;2013-06;Transilien;J;Paris Saint-Lazare Nord;83.5;5.1
TRA_8;2013-06;Transilien;K;Paris Nord Crépy;71.9;2.6
TRA_4;2013-07;RER;D;RER D;85.2;5.8
TRA_7;2013-07;Transilien;J;Paris Saint-Lazare Nord;87.0;6.7
TRA_11;2013-07;Transilien;P;Paris Est;90.1;9.1
TRA_3;2013-08;RER;C;RER C;93.4;14.2
TRA_4;2013-08;RER;D;RER D;90.4;9.4
TRA_9;2013-08;Transilien;L;Paris Saint-Lazare Sud;89.9;8.9
TRA_11;2013-08;Transilien;P;Paris Est;92.1;11.7
TRA_1;2013-09;RER;A;RER A;83.3;5.0
TRA_2;2013-09;RER;B;RER B;86.6;6.5
TRA_3;2013-09;RER;C;RER C;93.1;13.5
TRA_10;2013-09;Transilien;N;Paris Montparnasse;92.7;12.7
TRA_13;2013-09;Transilien;U;La Verrière - La Défense;92.9;13.1
TRA_2;2013-10;RER;B;RER B;80.7;4.2
TRA_5;2013-10;RER;E;RER E;95.2;19.8
TRA_6;2013-10;Transilien;H;Paris Nord Ouest;94.2;16.2
TRA_13;2013-10;Transilien;U;La Verrière - La Défense;91.6;10.9
TRA_4;2013-11;RER;D;RER D;76.9;3.3
TRA_13;2013-11;Transilien;U;La Verrière - La Défense;88.4;7.6
TRA_2;2013-12;RER;B;RER B;82.4;4.7
TRA_6;2014-01;Transilien;H;Paris Nord Ouest;95.9;23.4
TRA_7;2014-01;Transilien;J;Paris Saint-Lazare Nord;82.0;4.6
TRA_12;2014-01;Transilien;R;Paris Sud Est;89.7;8.7
TRA_7;2014-02;Transilien;J;Paris Saint-Lazare Nord;85.4;5.8
TRA_10;2014-02;Transilien;N;Paris Montparnasse;95.1;19.4
TRA_12;2014-02;Transilien;R;Paris Sud Est;85.3;5.8
TRA_1;2014-03;RER;A;RER A;83.3;5.0
TRA_2;2014-03;RER;B;RER B;87.9;7.3
TRA_3;2014-03;RER;C;RER C;91.5;10.8
TRA_2;2014-04;RER;B;RER B;88.5;7.7
TRA_8;2014-04;Transilien;K;Paris Nord Crépy;87.0;6.7
TRA_9;2014-04;Transilien;L;Paris Saint-Lazare Sud;86.7;6.5
TRA_13;2014-05;Transilien;U;La Verrière - La Défense;94.0;15.7
TRA_2;2014-06;RER;B;RER B;;0.0
TRA_6;2014-06;Transilien;H;Paris Nord Ouest;93.9;15.4
TRA_11;2014-06;Transilien;P;Paris Est;89.4;8.4
TRA_12;2014-06;Transilien;R;Paris Sud Est;86.1;6.2
TRA_13;2014-06;Transilien;U;La Verrière - La Défense;95.5;21.2
TRA_3;2014-07;RER;C;RER C;83.9;5.2
TRA_10;2014-07;Transilien;N;Paris Montparnasse;94.2;16.2
TRA_6;2014-08;Transilien;H;Paris Nord Ouest;95.5;21.2
TRA_8;2014-08;Transilien;K;Paris Nord Crépy;91.3;10.5
TRA_9;2014-08;Transilien;L;Paris Saint-Lazare Sud;92.0;11.5
TRA_10;2014-08;Transilien;N;Paris Montparnasse;94.0;15.7
TRA_13;2014-08;Transilien;U;La Verrière - La Défense;95.4;20.7
TRA_6;2014-09;Transilien;H;Paris Nord Ouest;96.3;26.0
TRA_9;2014-09;Transilien;L;Paris Saint-Lazare Sud;85.7;6.0
TRA_13;2014-09;Transilien;U;La Verrière - La Défense;95.9;23.4
TRA_2;2014-10;RER;B;RER B;85.5;5.9
TRA_6;2014-10;Transilien;H;Paris Nord Ouest;93.7;14.9
TRA_5;2014-11;RER;E;RER E;95.6646036773;22.1
TRA_13;2014-11;Transilien;U;La Verrière - La Défense;88.8628382913;8.0
TRA_7;2014-12;Transilien;J;Paris Saint-Lazare Nord;84.3;5.4
TRA_9;2014-12;Transilien;L;Paris Saint-Lazare Sud;80.4;4.1
TRA_9;2015-01;Transilien;L;Paris Saint-Lazare Sud;82.1373543647;4.6
TRA_9;2015-02;Transilien;L;Paris Saint-Lazare Sud;81.8190167315;4.5
TRA_10;2015-02;Transilien;N;Paris Montparnasse;93.7710664217;15.1
TRA_8;2015-03;Transilien;K;Paris Nord Crépy;88.1187031039;7.4
TRA_10;2015-03;Transilien;N;Paris Montparnasse;94.7538671561;18.1
TRA_10;2015-04;Transilien;N;Paris Montparnasse;93.9060416413;15.4
TRA_2;2015-05;RER;B;RER B;86.9952922687;6.7
TRA_5;2015-05;RER;E;RER E;95.9872926887;23.9
TRA_9;2015-05;Transilien;L;Paris Saint-Lazare Sud;85.8420374434;6.1
TRA_6;2015-06;Transilien;H;Paris Nord Ouest;92.3224849552;12.0
TRA_7;2015-06;Transilien;J;Paris Saint-Lazare Nord;88.9715832454;8.1
TRA_11;2015-06;Transilien;P;Paris Est;88.8351116319;8.0
TRA_13;2015-06;Transilien;U;La Verrière - La Défense;93.6587166493;14.8
TRA_11;2015-07;Transilien;P;Paris Est;90.1;9.1
TRA_1;2015-08;RER;A;RER A;82.9967982302;4.9
TRA_2;2015-09;RER;B;RER B;89.3614345684;8.4
TRA_3;2015-09;RER;C;RER C;90.6934546998;9.7
TRA_4;2015-09;RER;D;RER D;87.0828658359;6.7
TRA_7;2015-09;Transilien;J;Paris Saint-Lazare Nord;85.1438395131;5.7
TRA_10;2015-09;Transilien;N;Paris Montparnasse;92.9708089902;13.2
TRA_2;2015-11;RER;B;RER B;86.6;6.5
TRA_6;2015-11;Transilien;H;Paris Nord Ouest;94.3;16.5
TRA_12;2015-11;Transilien;R;Paris Sud Est;82.2;4.6
TRA_6;2015-12;Transilien;H;Paris Nord Ouest;96.2;25.3
TRA_8;2015-12;Transilien;K;Paris Nord Crépy;85.9;6.1
TRA_11;2015-12;Transilien;P;Paris Est;92.5;12.3
TRA_2;2016-01;RER;B;RER B;85.5;5.9
TRA_3;2016-02;RER;C;RER C;88.5;7.7
TRA_6;2016-02;Transilien;H;Paris Nord Ouest;95.1;19.4
TRA_7;2016-02;Transilien;J;Paris Saint-Lazare Nord;91.5;10.8
TRA_11;2016-02;Transilien;P;Paris Est;88.1;7.4
TRA_1;2016-03;RER;A;RER A;72.2;2.6
TRA_5;2016-03;RER;E;RER E;95.7;22.3
TRA_2;2016-05;RER;B;RER B;86.0;6.1
TRA_8;2016-05;Transilien;K;Paris Nord Crépy;92.3;12.0
TRA_11;2016-05;Transilien;P;Paris Est;88.0;7.3
TRA_13;2016-05;Transilien;U;La Verrière - La Défense;93.5;14.4
TRA_8;2016-07;Transilien;K;Paris Nord Crépy;86.9;6.6
TRA_4;2016-08;RER;D;RER D;89.8;8.8
TRA_5;2016-08;RER;E;RER E;92.7;12.7
TRA_6;2016-08;Transilien;H;Paris Nord Ouest;95.1;19.4
TRA_7;2016-08;Transilien;J;Paris Saint-Lazare Nord;86.3;6.3
TRA_11;2016-08;Transilien;P;Paris Est;87.6;7.1
TRA_13;2016-09;Transilien;U;La Verrière - La Défense;92.4;12.2
TRA_8;2016-10;Transilien;K;Paris Nord Crépy;95.4;20.7
TRA_13;2016-10;Transilien;U;La Verrière - La Défense;94.6;17.5
TRA_5;2016-11;RER;E;RER E;93.0;13.3
TRA_9;2016-11;Transilien;L;Paris Saint-Lazare Sud;86.0;6.1
TRA_13;2016-11;Transilien;U;La Verrière - La Défense;93.3;13.9
TRA_2;2016-12;RER;B;RER B;81.7;4.5
TRA_6;2017-01;Transilien;H;Paris Nord Ouest;94.4;16.9
TRA_9;2017-01;Transilien;L;Paris Saint-Lazare Sud;87.0;6.7
TRA_2;2017-02;RER;B;RER B;89.8;8.8
TRA_5;2017-02;RER;E;RER E;93.0;13.3
TRA_1;2017-03;RER;A;RER A;71.0;2.4
TRA_5;2017-03;RER;E;RER E;94.2;16.2
TRA_10;2017-03;Transilien;N;Paris Montparnasse;93.4;14.2
TRA_12;2017-03;Transilien;R;Paris Sud Est;86.3;6.3
TRA_1;2017-04;RER;A;RER A;73.9;2.8
TRA_12;2017-04;Transilien;R;Paris Sud Est;83.6;5.1
TRA_3;2017-05;RER;C;RER C;86.6722438848;6.5
TRA_4;2017-05;RER;D;RER D;87.0282378693;6.7
TRA_6;2017-05;Transilien;H;Paris Nord Ouest;79.8119876543;4.0
TRA_8;2017-05;Transilien;K;Paris Nord Crépy;87.6824624726;7.1
TRA_12;2017-05;Transilien;R;Paris Sud Est;84.3464929822;5.4
TRA_12;2017-06;Transilien;R;Paris Sud Est;76.2348202409;3.2
TRA_13;2017-06;Transilien;U;La Verrière - La Défense;91.7094732587;11.1
TRA_2;2017-07;RER;B;RER B;88.5862474168;7.8
TRA_5;2017-07;RER;E;RER E;88.3302547219;7.6
TRA_8;2017-07;Transilien;K;Paris Nord Crépy;90.5069129227;9.5
TRA_4;2017-08;RER;D;RER D;91.0;10.1
TRA_1;2017-09;RER;A;RER A;72.9;2.7
TRA_10;2017-09;Transilien;N;Paris Montparnasse;90.7;9.8
TRA_4;2017-10;RER;D;RER D;83.0;4.9
TRA_5;2017-10;RER;E;RER E;91.8;11.2
TRA_11;2017-10;Transilien;P;Paris Est;86.7;6.5
TRA_1;2017-11;RER;A;RER A;71.02;2.5
TRA_8;2017-11;Transilien;K;Paris Nord Crépy;90.3;9.3
TRA_9;2017-11;Transilien;L;Paris Saint-Lazare Sud;83.1;4.9
TRA_10;2017-11;Transilien;N;Paris Montparnasse;86.2;6.2
TRA_7;2017-12;Transilien;J;Paris Saint-Lazare Nord;85.8;6.0
TRA_11;2017-12;Transilien;P;Paris Est;91.5;10.8
TRA_5;2018-01;RER;E;RER E;93.6;14.6
TRA_13;2018-02;Transilien;U;La Verrière - La Défense;86.3;6.3
TRA_1;2018-03;RER;A;RER A;81.3;4.3
TRA_5;2018-03;RER;E;RER E;93.0;13.3
TRA_8;2018-03;Transilien;K;Paris Nord Crépy;93.0;13.3
TRA_13;2018-03;Transilien;U;La Verrière - La Défense;92.7;12.7
TRA_3;2018-04;RER;C;RER C;94.5;17.2
TRA_7;2018-04;Transilien;J;Paris Saint-Lazare Nord;94.4;16.9
TRA_10;2018-04;Transilien;N;Paris Montparnasse;91.2;10.4
TRA_2;2018-05;RER;B;RER B;86.8;6.6
TRA_3;2018-05;RER;C;RER C;94.1;15.9
TRA_8;2018-05;Transilien;K;Paris Nord Crépy;83.1;4.9
TRA_3;2018-06;RER;C;RER C;88.7;7.8
TRA_9;2018-06;Transilien;L;Paris Saint-Lazare Sud;89.9;8.9
TRA_10;2018-06;Transilien;N;Paris Montparnasse;89.6;8.6
TRA_1;2018-07;RER;A;RER A;78.5;3.7
TRA_6;2018-07;Transilien;H;Paris Nord Ouest;93.5;14.4
TRA_7;2018-07;Transilien;J;Paris Saint-Lazare Nord;89.4;8.4
TRA_2;2018-08;RER;B;RER B;89.0;8.1
TRA_9;2018-08;Transilien;L;Paris Saint-Lazare Sud;95.9;23.4
TRA_3;2018-09;RER;C;RER C;90.0;9.0
TRA_4;2018-09;RER;D;RER D;84.5;5.5
TRA_8;2018-09;Transilien;K;Paris Nord Crépy;96.0;24.0
TRA_6;2018-10;Transilien;H;Paris Nord Ouest;94.5;17.2
TRA_10;2018-10;Transilien;N;Paris Montparnasse;90.8;9.9
TRA_11;2018-10;Transilien;P;Paris Est;86.4;6.4
TRA_13;2018-10;Transilien;U;La Verrière - La Défense;95.0;19.0
TRA_5;2018-11;RER;E;RER E;93.4;14.2
TRA_1;2018-12;RER;A;RER A;84.2;5.3
TRA_12;2018-12;Transilien;R;Paris Sud Est;85.3;5.8
TRA_6;2019-01;Transilien;H;Paris Nord Ouest;94.1;15.9
TRA_7;2019-01;Transilien;J;Paris Saint-Lazare Nord;90.0;9.0
TRA_8;2019-01;Transilien;K;Paris Nord Crépy;85.2;5.8
TRA_13;2019-01;Transilien;U;La Verrière - La Défense;92.9;13.1
TRA_3;2019-02;RER;C;RER C;85.6718295203;6.0
TRA_7;2019-02;Transilien;J;Paris Saint-Lazare Nord;91.761896764;11.1
TRA_4;2019-03;RER;D;RER D;89.5071078857;8.5
TRA_5;2019-03;RER;E;RER E;95.2855482684;20.2
TRA_8;2019-03;Transilien;K;Paris Nord Crépy;95.2430757528;20.0
TRA_9;2019-03;Transilien;L;Paris Saint-Lazare Sud;93.8228492575;15.2
TRA_10;2019-04;Transilien;N;Paris Montparnasse;94.4385737411;17.0
TRA_7;2019-05;Transilien;J;Paris Saint-Lazare Nord;91.9642126636;11.4
TRA_11;2019-05;Transilien;P;Paris Est;91.6240027677;10.9
TRA_8;2019-06;Transilien;K;Paris Nord Crépy;92.5046906243;12.3
TRA_12;2019-06;Transilien;R;Paris Sud Est;83.9204723228;5.2
TRA_13;2019-07;Transilien;U;La Verrière - La Défense;95.0677029348;19.3
TRA_1;2019-08;RER;A;RER A;94.0605002;15.8
TRA_9;2019-08;Transilien;L;Paris Saint-Lazare Sud;96.776955351;30.0
TRA_13;2019-08;Transilien;U;La Verrière - La Défense;96.8156958613;30.4
TRA_2;2019-09;RER;B;RER B;82.2062237261;4.6
TRA_3;2019-09;RER;C;RER C;89.033329583;8.1
TRA_10;2019-10;Transilien;N;Paris Montparnasse;87.7447003848;7.2
TRA_12;2019-10;Transilien;R;Paris Sud Est;81.0913724573;4.3
TRA_9;2019-11;Transilien;L;Paris Saint-Lazare Sud;91.8006885324;11.2
TRA_11;2019-11;Transilien;P;Paris Est;87.3408835847;6.9
TRA_13;2019-11;Transilien;U;La Verrière - La Défense;96.5211701344;27.7
TRA_1;2020-06;RER;A;RER A;94.5598106386;17.4
TRA_4;2020-06;RER;D;RER D;90.6390795363;9.7
TRA_11;2020-06;Transilien;P;Paris Est;92.5379439316;12.4
TRA_2;2020-07;RER;B;RER B;89.1418868298;8.2
TRA_9;2020-07;Transilien;L;Paris Saint-Lazare Sud;96.8916336581;31.2
TRA_12;2020-07;Transilien;R;Paris Sud Est;90.1368740569;9.1
TRA_7;2020-08;Transilien;J;Paris Saint-Lazare Nord;93.5138102138;14.4
TRA_10;2020-08;Transilien;N;Paris Montparnasse;94.967840091;18.9
TRA_11;2020-08;Transilien;P;Paris Est;90.728596959;9.8
TRA_1;2020-09;RER;A;RER A;87.4186826835;6.9
TRA_8;2020-09;Transilien;K;Paris Nord Crépy;93.5988404966;14.6
TRA_3;2013-01;RER;C;RER C;91.9;11.3
TRA_4;2013-01;RER;D;RER D;77.6;3.5
TRA_8;2013-01;Transilien;K;Paris Nord Crépy;75.2;3.0
TRA_7;2013-02;Transilien;J;Paris Saint-Lazare Nord;88.1;7.4
TRA_9;2013-02;Transilien;L;Paris Saint-Lazare Sud;82.1;4.6
TRA_11;2013-02;Transilien;P;Paris Est;89.4;8.4
TRA_12;2013-02;Transilien;R;Paris Sud Est;88.2;7.5
TRA_1;2013-03;RER;A;RER A;84.0;5.3
TRA_2;2013-03;RER;B;RER B;82.7;4.8
TRA_6;2013-03;Transilien;H;Paris Nord Ouest;92.3;12.0
TRA_6;2013-05;Transilien;H;Paris Nord Ouest;95.9;23.4
TRA_7;2013-05;Transilien;J;Paris Saint-Lazare Nord;91.5;10.8
TRA_11;2013-06;Transilien;P;Paris Est;89.4;8.4
TRA_13;2013-06;Transilien;U;La Verrière - La Défense;93.2;13.7
TRA_1;2013-07;RER;A;RER A;83.2;5.0
TRA_3;2013-07;RER;C;RER C;90.8;9.9
TRA_5;2013-07;RER;E;RER E;94.0;15.7
TRA_8;2013-07;Transilien;K;Paris Nord Crépy;85.1;5.7
TRA_12;2013-07;Transilien;R;Paris Sud Est;88.5;7.7
TRA_13;2013-07;Transilien;U;La Verrière - La Défense;94.3;16.5
TRA_5;2013-08;RER;E;RER E;95.4;20.7
TRA_7;2013-08;Transilien;J;Paris Saint-Lazare Nord;89.2;8.3
TRA_5;2013-09;RER;E;RER E;96.8;30.3
TRA_8;2013-09;Transilien;K;Paris Nord Crépy;86.0;6.1
TRA_9;2013-09;Transilien;L;Paris Saint-Lazare Sud;84.9;5.6
TRA_1;2013-10;RER;A;RER A;83.1;4.9
TRA_3;2013-10;RER;C;RER C;85.6;5.9
TRA_1;2013-11;RER;A;RER A;80.9;4.2
TRA_3;2013-11;RER;C;RER C;85.5;5.9
TRA_6;2013-11;Transilien;H;Paris Nord Ouest;93.1;13.5
TRA_9;2013-11;Transilien;L;Paris Saint-Lazare Sud;77.8;3.5
TRA_9;2013-12;Transilien;L;Paris Saint-Lazare Sud;83.0;4.9
TRA_10;2013-12;Transilien;N;Paris Montparnasse;92.8;12.9
TRA_11;2013-12;Transilien;P;Paris Est;91.0;10.1
TRA_2;2014-01;RER;B;RER B;81.3;4.3
TRA_3;2014-02;RER;C;RER C;90.8;9.9
TRA_6;2014-02;Transilien;H;Paris Nord Ouest;96.1;24.6
TRA_4;2014-03;RER;D;RER D;87.9;7.3
TRA_5;2014-03;RER;E;RER E;94.4;16.9
TRA_9;2014-03;Transilien;L;Paris Saint-Lazare Sud;88.2;7.5
TRA_13;2014-03;Transilien;U;La Verrière - La Défense;94.0;15.7
TRA_1;2014-04;RER;A;RER A;85.7;6.0
TRA_4;2014-04;RER;D;RER D;88.5;7.7
TRA_12;2014-04;Transilien;R;Paris Sud Est;88.5;7.7
TRA_2;2014-05;RER;B;RER B;89.4;8.4
TRA_8;2014-05;Transilien;K;Paris Nord Crépy;91.9;11.3
TRA_12;2014-05;Transilien;R;Paris Sud Est;89.7;8.7
TRA_5;2014-06;RER;E;RER E;95.4;20.7
TRA_7;2014-06;Transilien;J;Paris Saint-Lazare Nord;84.9;5.6
TRA_10;2014-06;Transilien;N;Paris Montparnasse;94.7;17.9
TRA_7;2014-07;Transilien;J;Paris Saint-Lazare Nord;85.9;6.1
TRA_8;2014-07;Transilien;K;Paris Nord Crépy;87.6;7.1
TRA_7;2014-08;Transilien;J;Paris Saint-Lazare Nord;87.4;6.9
TRA_11;2014-08;Transilien;P;Paris Est;92.6;12.5
TRA_1;2014-09;RER;A;RER A;70.9;2.4
TRA_3;2014-09;RER;C;RER C;92.9;13.1
TRA_4;2014-09;RER;D;RER D;87.0;6.7
TRA_5;2014-09;RER;E;RER E;96.0;24.0
TRA_8;2014-09;Transilien;K;Paris Nord Crépy;92.1;11.7
TRA_1;2014-10;RER;A;RER A;68.8;2.2
TRA_7;2014-10;Transilien;J;Paris Saint-Lazare Nord;83.4;5.0
TRA_2;2014-11;RER;B;RER B;86.1;6.2
TRA_3;2014-11;RER;C;RER C;86.7347499119;6.5
TRA_6;2014-11;Transilien;H;Paris Nord Ouest;94.7480048369;18.0
TRA_9;2014-11;Transilien;L;Paris Saint-Lazare Sud;81.3097137157;4.4
TRA_10;2014-11;Transilien;N;Paris Montparnasse;91.4502809243;10.7
TRA_1;2014-12;RER;A;RER A;67.3;2.1
TRA_12;2014-12;Transilien;R;Paris Sud Est;87.6;7.1
TRA_3;2015-01;RER;C;RER C;91.4032715394;10.6
TRA_5;2015-01;RER;E;RER E;94.9052094942;18.6
TRA_10;2015-01;Transilien;N;Paris Montparnasse;93.886480495;15.4
TRA_11;2015-01;Transilien;P;Paris Est;90.9493380196;10.0
TRA_1;2015-02;RER;A;RER A;73.0954862767;2.7
TRA_5;2015-02;RER;E;RER E;94.0738560337;15.9
TRA_1;2015-03;RER;A;RER A;71.9550770992;2.6
TRA_4;2015-03;RER;D;RER D;86.3083523461;6.3
TRA_6;2015-03;Transilien;H;Paris Nord Ouest;96.0638677623;24.4
TRA_11;2015-03;Transilien;P;Paris Est;93.2541415409;13.8
TRA_2;2015-04;RER;B;RER B;86.1725099925;6.2
TRA_3;2015-04;RER;C;RER C;89.2820641654;8.3
TRA_4;2015-04;RER;D;RER D;86.5549619436;6.4
TRA_5;2015-04;RER;E;RER E;90.539314526;9.6
TRA_8;2015-04;Transilien;K;Paris Nord Crépy;86.184744626;6.2
TRA_8;2015-05;Transilien;K;Paris Nord Crépy;91.3842125718;10.6
TRA_10;2015-06;Transilien;N;Paris Montparnasse;87.8383549997;7.2
TRA_3;2015-07;RER;C;RER C;88.3;7.5
TRA_8;2015-07;Transilien;K;Paris Nord Crépy;89.4;8.4
TRA_12;2015-07;Transilien;R;Paris Sud Est;88.8;7.9
TRA_13;2015-07;Transilien;U;La Verrière - La Défense;92.3;12.0
TRA_4;2015-08;RER;D;RER D;91.5;10.8
TRA_6;2015-08;Transilien;H;Paris Nord Ouest;96.3;26.0
TRA_7;2015-08;Transilien;J;Paris Saint-Lazare Nord;90.0;9.0
TRA_10;2015-08;Transilien;N;Paris Montparnasse;96.3;26.0
TRA_13;2015-08;Transilien;U;La Verrière - La Défense;95.9;23.4
TRA_8;2015-09;Transilien;K;Paris Nord Crépy;87.8996653064;7.3
TRA_3;2015-10;RER;C;RER C;88.0340653841;7.4
TRA_5;2015-10;RER;E;RER E;94.9870645908;18.9
TRA_13;2015-10;Transilien;U;La Verrière - La Défense;91.4565937429;10.7
TRA_3;2015-11;RER;C;RER C;85.8;6.0
TRA_5;2015-11;RER;E;RER E;92.9;13.1
TRA_2;2015-12;RER;B;RER B;87.9951241039;7.3
TRA_4;2015-12;RER;D;RER D;88.5;7.7
TRA_12;2015-12;Transilien;R;Paris Sud Est;86.9;6.6
TRA_13;2015-12;Transilien;U;La Verrière - La Défense;92.9;13.1
TRA_1;2016-01;RER;A;RER A;69.1;2.2
TRA_8;2016-01;Transilien;K;Paris Nord Crépy;81.5;4.4
TRA_11;2016-01;Transilien;P;Paris Est;89.5;8.5
TRA_12;2016-01;Transilien;R;Paris Sud Est;87.2;6.8
TRA_13;2016-01;Transilien;U;La Verrière - La Défense;94.1;15.9
TRA_9;2016-02;Transilien;L;Paris Saint-Lazare Sud;89.4;8.4
TRA_3;2016-03;RER;C;RER C;88.3;7.5
TRA_4;2016-03;RER;D;RER D;84.3;5.4
TRA_6;2016-03;Transilien;H;Paris Nord Ouest;92.7;12.7
TRA_7;2016-03;Transilien;J;Paris Saint-Lazare Nord;91.1;10.2
TRA_13;2016-03;Transilien;U;La Verrière - La Défense;93.5;14.4
TRA_1;2016-05;RER;A;RER A;75.3;3.0
TRA_3;2016-05;RER;C;RER C;88.6;7.8
TRA_7;2016-05;Transilien;J;Paris Saint-Lazare Nord;87.7;7.1
TRA_12;2016-06;Transilien;R;Paris Sud Est;84.5;5.5
TRA_13;2016-06;Transilien;U;La Verrière - La Défense;91.0;10.1
TRA_2;2016-07;RER;B;RER B;87.8;7.2
TRA_3;2016-07;RER;C;RER C;86.4;6.4
TRA_7;2016-07;Transilien;J;Paris Saint-Lazare Nord;87.2;6.8
TRA_13;2016-07;Transilien;U;La Verrière - La Défense;96.5;27.6
TRA_9;2016-08;Transilien;L;Paris Saint-Lazare Sud;87.8;7.2
TRA_12;2016-08;Transilien;R;Paris Sud Est;89.4;8.4
TRA_1;2016-09;RER;A;RER A;70.9;2.4
TRA_7;2016-10;Transilien;J;Paris Saint-Lazare Nord;90.7;9.8
TRA_10;2016-10;Transilien;N;Paris Montparnasse;93.7;14.9
TRA_11;2016-10;Transilien;P;Paris Est;90.7;9.8
TRA_2;2016-11;RER;B;RER B;82.0;4.6
TRA_3;2016-12;RER;C;RER C;87.7;7.1
TRA_7;2016-12;Transilien;J;Paris Saint-Lazare Nord;88.5;7.7
TRA_9;2016-12;Transilien;L;Paris Saint-Lazare Sud;89.5;8.5
TRA_7;2017-01;Transilien;J;Paris Saint-Lazare Nord;88.8;7.9
TRA_10;2017-01;Transilien;N;Paris Montparnasse;86.6;6.5
TRA_13;2017-01;Transilien;U;La Verrière - La Défense;95.2;19.8
TRA_3;2017-02;RER;C;RER C;83.4;5.0
TRA_8;2017-02;Transilien;K;Paris Nord Crépy;94.6;17.5
TRA_4;2017-03;RER;D;RER D;82.9;4.8
TRA_13;2017-03;Transilien;U;La Verrière - La Défense;94.8;18.2
TRA_2;2017-04;RER;B;RER B;84.2;5.3
TRA_3;2017-04;RER;C;RER C;85.9;6.1
TRA_11;2017-04;Transilien;P;Paris Est;94.4;16.9
TRA_7;2017-05;Transilien;J;Paris Saint-Lazare Nord;90.6165128838;9.7
TRA_5;2017-06;RER;E;RER E;86.617430299;6.5
TRA_9;2017-06;Transilien;L;Paris Saint-Lazare Sud;86.8365890437;6.6
TRA_9;2017-07;Transilien;L;Paris Saint-Lazare Sud;89.2642477897;8.3
TRA_10;2017-07;Transilien;N;Paris Montparnasse;88.0091763694;7.3
TRA_11;2017-07;Transilien;P;Paris Est;87.2311916934;6.8
TRA_12;2017-07;Transilien;R;Paris Sud Est;74.458062555;2.9
TRA_1;2017-08;RER;A;RER A;88.09;7.4
TRA_7;2017-08;Transilien;J;Paris Saint-Lazare Nord;91.4;10.6
TRA_11;2017-08;Transilien;P;Paris Est;92.2;11.8
TRA_2;2017-09;RER;B;RER B;87.3;6.9
TRA_3;2017-09;RER;C;RER C;92.3;12.0
TRA_11;2017-09;Transilien;P;Paris Est;93.8;15.1
TRA_1;2017-10;RER;A;RER A;69.9;2.3
TRA_2;2017-10;RER;B;RER B;79.7;3.9
TRA_8;2017-10;Transilien;K;Paris Nord Crépy;92.2;11.8
TRA_13;2017-10;Transilien;U;La Verrière - La Défense;92.1;11.7
TRA_2;2017-11;RER;B;RER B;83.3;5.0
TRA_3;2017-11;RER;C;RER C;85.8;6.0
TRA_5;2017-11;RER;E;RER E;92.0;11.5
TRA_1;2017-12;RER;A;RER A;77.1;3.4
TRA_4;2017-12;RER;D;RER D;84.0;5.3
TRA_6;2017-12;Transilien;H;Paris Nord Ouest;89.4;8.4
TRA_9;2017-12;Transilien;L;Paris Saint-Lazare Sud;86.3;6.3
TRA_2;2018-01;RER;B;RER B;88.5;7.7
TRA_4;2018-01;RER;D;RER D;84.9;5.6
TRA_6;2018-01;Transilien;H;Paris Nord Ouest;92.4;12.2
TRA_7;2018-01;Transilien;J;Paris Saint-Lazare Nord;92.2;11.8
TRA_11;2018-01;Transilien;P;Paris Est;90.8;9.9
TRA_1;2018-02;RER;A;RER A;77.4;3.4
TRA_4;2018-02;RER;D;RER D;80.4;4.1
TRA_3;2018-03;RER;C;RER C;90.5;9.5
TRA_6;2018-03;Transilien;H;Paris Nord Ouest;93.7;14.9
TRA_1;2018-04;RER;A;RER A;80.8;4.2
TRA_9;2018-04;Transilien;L;Paris Saint-Lazare Sud;96.1;24.6
TRA_12;2018-04;Transilien;R;Paris Sud Est;85.6;5.9
TRA_13;2018-04;Transilien;U;La Verrière - La Défense;92.9;13.1
TRA_5;2018-05;RER;E;RER E;95.6;21.7
TRA_7;2018-05;Transilien;J;Paris Saint-Lazare Nord;92.3;12.0
TRA_1;2018-06;RER;A;RER A;80.0;4.0
TRA_6;2018-06;Transilien;H;Paris Nord Ouest;92.2;11.8
TRA_11;2018-06;Transilien;P;Paris Est;82.8;4.8
TRA_2;2018-07;RER;B;RER B;85.9;6.1
TRA_5;2018-07;RER;E;RER E;90.2;9.2
TRA_8;2018-07;Transilien;K;Paris Nord Crépy;90.2;9.2
TRA_11;2018-07;Transilien;P;Paris Est;88.2;7.5
TRA_4;2018-08;RER;D;RER D;88.0;7.3
TRA_6;2018-08;Transilien;H;Paris Nord Ouest;96.7;29.3
TRA_13;2018-09;Transilien;U;La Verrière - La Défense;93.6;14.6
TRA_3;2018-10;RER;C;RER C;90.4;9.4
TRA_5;2018-10;RER;E;RER E;90.2;9.2
TRA_7;2018-10;Transilien;J;Paris Saint-Lazare Nord;88.3;7.5
TRA_2;2018-11;RER;B;RER B;79.03;3.8
TRA_10;2018-11;Transilien;N;Paris Montparnasse;87.6;7.1
TRA_13;2018-11;Transilien;U;La Verrière - La Défense;90.4;9.4
TRA_8;2018-12;Transilien;K;Paris Nord Crépy;93.0;13.3
TRA_9;2018-12;Transilien;L;Paris Saint-Lazare Sud;92.1;11.7
TRA_10;2018-12;Transilien;N;Paris Montparnasse;86.0;6.1
TRA_1;2019-01;RER;A;RER A;85.0;5.7
TRA_5;2019-01;RER;E;RER E;92.0;11.5
TRA_6;2019-02;Transilien;H;Paris Nord Ouest;93.4211717441;14.2
TRA_7;2019-03;Transilien;J;Paris Saint-Lazare Nord;91.7066683718;11.1
TRA_11;2019-03;Transilien;P;Paris Est;90.7508983742;9.8
TRA_1;2019-04;RER;A;RER A;89.4;8.4
TRA_3;2019-04;RER;C;RER C;90.9073677651;10.0
TRA_4;2019-04;RER;D;RER D;87.0902759393;6.7
TRA_11;2019-04;Transilien;P;Paris Est;90.1778900169;9.2
TRA_5;2019-05;RER;E;RER E;95.9107860607;23.5
TRA_13;2019-05;Transilien;U;La Verrière - La Défense;93.9502876475;15.5
TRA_4;2019-06;RER;D;RER D;86.2665041764;6.3
TRA_6;2019-06;Transilien;H;Paris Nord Ouest;92.9452743609;13.2
TRA_10;2019-06;Transilien;N;Paris Montparnasse;92.417499173;12.2
TRA_7;2019-07;Transilien;J;Paris Saint-Lazare Nord;90.8941236933;10.0
TRA_3;2019-08;RER;C;RER C;93.3932554752;14.1
TRA_6;2019-08;Transilien;H;Paris Nord Ouest;95.0085419369;19.0
TRA_12;2019-08;Transilien;R;Paris Sud Est;86.6166865807;6.5
TRA_8;2019-09;Transilien;K;Paris Nord Crépy;91.2210780742;10.4
TRA_3;2019-10;RER;C;RER C;82.8727767873;4.8
TRA_1;2019-11;RER;A;RER A;82.0547861974;4.6
TRA_3;2019-11;RER;C;RER C;80.6755543089;4.2
TRA_4;2019-11;RER;D;RER D;83.007261163;4.9
TRA_6;2019-11;Transilien;H;Paris Nord Ouest;93.7842054693;15.1
TRA_10;2019-11;Transilien;N;Paris Montparnasse;91.1962066276;10.4
TRA_1;2020-02;RER;A;RER A;83.0084325694;4.9
TRA_2;2020-06;RER;B;RER B;87.7729542836;7.2
TRA_5;2020-06;RER;E;RER E;89.2099132179;8.3
TRA_6;2020-06;Transilien;H;Paris Nord Ouest;92.9175311071;13.1
TRA_7;2020-06;Transilien;J;Paris Saint-Lazare Nord;91.0123145294;10.1
TRA_5;2020-07;RER;E;RER E;93.7931422038;15.1
TRA_13;2020-07;Transilien;U;La Verrière - La Défense;96.829593748;30.5
TRA_1;2020-08;RER;A;RER A;85.8301211191;6.1
TRA_2;2020-08;RER;B;RER B;76.672143054;3.3
TRA_3;2020-08;RER;C;RER C;93.157045546;13.6
TRA_5;2020-08;RER;E;RER E;91.5321159986;10.8
TRA_6;2020-08;Transilien;H;Paris Nord Ouest;90.715152029;9.8
TRA_3;2020-09;RER;C;RER C;91.1703826187;10.3
TRA_5;2020-09;RER;E;RER E;92.264312604;11.9
TRA_9;2020-09;Transilien;L;Paris Saint-Lazare Sud;94.425860801;16.9
TRA_12;2020-09;Transilien;R;Paris Sud Est;90.6158699082;9.7
TRA_6;2013-01;Transilien;H;Paris Nord Ouest;93.9;15.4
TRA_10;2013-01;Transilien;N;Paris Montparnasse;94.7;17.9
TRA_13;2013-01;Transilien;U;La Verrière - La Défense;92.3;12.0
TRA_2;2013-02;RER;B;RER B;80.3;4.1
TRA_3;2013-02;RER;C;RER C;91.8;11.2
TRA_4;2013-02;RER;D;RER D;79.3;3.8
TRA_5;2013-02;RER;E;RER E;94.7;17.9
TRA_7;2013-03;Transilien;J;Paris Saint-Lazare Nord;84.2;5.3
TRA_9;2013-03;Transilien;L;Paris Saint-Lazare Sud;81.8;4.5
TRA_6;2013-04;Transilien;H;Paris Nord Ouest;94.6;17.5
TRA_10;2013-04;Transilien;N;Paris Montparnasse;90.2;9.2
TRA_12;2013-05;Transilien;R;Paris Sud Est;93.0;13.3
TRA_10;2013-06;Transilien;N;Paris Montparnasse;93.9;15.4
TRA_12;2013-06;Transilien;R;Paris Sud Est;89.5;8.5
TRA_6;2013-07;Transilien;H;Paris Nord Ouest;94.4;16.9
TRA_9;2013-07;Transilien;L;Paris Saint-Lazare Sud;87.2;6.8
TRA_1;2013-08;RER;A;RER A;88.9;8.0
TRA_6;2013-09;Transilien;H;Paris Nord Ouest;95.4;20.7
TRA_10;2013-10;Transilien;N;Paris Montparnasse;92.6;12.5
TRA_12;2013-10;Transilien;R;Paris Sud Est;89.4;8.4
TRA_5;2013-12;RER;E;RER E;94.9;18.6
TRA_6;2013-12;Transilien;H;Paris Nord Ouest;94.7;17.9
TRA_12;2013-12;Transilien;R;Paris Sud Est;90.2;9.2
TRA_3;2014-01;RER;C;RER C;91.4;10.6
TRA_4;2014-01;RER;D;RER D;86.0;6.1
TRA_8;2014-01;Transilien;K;Paris Nord Crépy;76.6;3.3
TRA_1;2014-02;RER;A;RER A;85.7;6.0
TRA_2;2014-02;RER;B;RER B;88.9;8.0
TRA_5;2014-02;RER;E;RER E;95.0;19.0
TRA_8;2014-02;Transilien;K;Paris Nord Crépy;84.4;5.4
TRA_9;2014-02;Transilien;L;Paris Saint-Lazare Sud;83.1;4.9
TRA_11;2014-02;Transilien;P;Paris Est;90.4;9.4
TRA_7;2014-03;Transilien;J;Paris Saint-Lazare Nord;87.1;6.8
TRA_3;2014-04;RER;C;RER C;91.6;10.9
TRA_11;2014-04;Transilien;P;Paris Est;87.9;7.3
TRA_13;2014-04;Transilien;U;La Verrière - La Défense;94.5;17.2
TRA_1;2014-05;RER;A;RER A;87.6;7.1
TRA_4;2014-05;RER;D;RER D;85.9;6.1
TRA_10;2014-05;Transilien;N;Paris Montparnasse;96.1;24.6
TRA_11;2014-05;Transilien;P;Paris Est;92.7;12.7
TRA_9;2014-06;Transilien;L;Paris Saint-Lazare Sud;84.0;5.3
TRA_9;2014-07;Transilien;L;Paris Saint-Lazare Sud;85.5;5.9
TRA_1;2014-08;RER;A;RER A;81.2;4.3
TRA_5;2014-08;RER;E;RER E;96.0;24.0
TRA_7;2014-09;Transilien;J;Paris Saint-Lazare Nord;84.6;5.5
TRA_11;2014-09;Transilien;P;Paris Est;93.5;14.4
TRA_12;2014-09;Transilien;R;Paris Sud Est;88.9;8.0
TRA_3;2014-10;RER;C;RER C;84.1;5.3
TRA_13;2014-10;Transilien;U;La Verrière - La Défense;93.6;14.6
TRA_8;2014-11;Transilien;K;Paris Nord Crépy;84.5732734419;5.5
TRA_12;2014-11;Transilien;R;Paris Sud Est;84.8763888061;5.6
TRA_3;2014-12;RER;C;RER C;89.3;8.3
TRA_5;2014-12;RER;E;RER E;92.7;12.7
TRA_13;2014-12;Transilien;U;La Verrière - La Défense;91.8;11.2
TRA_2;2015-01;RER;B;RER B;88.5;7.7
TRA_8;2015-01;Transilien;K;Paris Nord Crépy;87.1798892246;6.8
TRA_13;2015-01;Transilien;U;La Verrière - La Défense;94.6733138523;17.8
TRA_2;2015-02;RER;B;RER B;85.3965470191;5.8
TRA_3;2015-02;RER;C;RER C;91.6087087474;10.9
TRA_8;2015-02;Transilien;K;Paris Nord Crépy;85.0869749682;5.7
TRA_12;2015-02;Transilien;R;Paris Sud Est;91.2221584141;10.4
TRA_2;2015-03;RER;B;RER B;89.8537787545;8.9
TRA_12;2015-03;Transilien;R;Paris Sud Est;90.3490746305;9.4
TRA_13;2015-03;Transilien;U;La Verrière - La Défense;95.9220368347;23.5
TRA_1;2015-04;RER;A;RER A;71.9766560096;2.6
TRA_6;2015-04;Transilien;H;Paris Nord Ouest;95.0794493186;19.3
TRA_7;2015-04;Transilien;J;Paris Saint-Lazare Nord;90.7900630753;9.9
TRA_11;2015-04;Transilien;P;Paris Est;87.9561752108;7.3
TRA_1;2015-05;RER;A;RER A;71.2171208681;2.5
TRA_6;2015-05;Transilien;H;Paris Nord Ouest;95.9381245311;23.6
TRA_7;2015-05;Transilien;J;Paris Saint-Lazare Nord;90.9248180007;10.0
TRA_1;2015-06;RER;A;RER A;71.1496303121;2.5
TRA_2;2015-06;RER;B;RER B;84.9707913192;5.7
TRA_3;2015-06;RER;C;RER C;86.1727621706;6.2
TRA_2;2015-07;RER;B;RER B;90.9;10.0
TRA_2;2015-08;RER;B;RER B;92.9183310249;13.1
TRA_3;2015-08;RER;C;RER C;93.1;13.5
TRA_5;2015-09;RER;E;RER E;89.9032780408;8.9
TRA_6;2015-09;Transilien;H;Paris Nord Ouest;95.6576604528;22.0
TRA_9;2015-09;Transilien;L;Paris Saint-Lazare Sud;84.1866891555;5.3
TRA_11;2015-09;Transilien;P;Paris Est;86.0544987829;6.2
TRA_12;2015-09;Transilien;R;Paris Sud Est;89.616676579;8.6
TRA_13;2015-09;Transilien;U;La Verrière - La Défense;92.7861789817;12.9
TRA_2;2015-10;RER;B;RER B;89.9826892571;9.0
TRA_6;2015-10;Transilien;H;Paris Nord Ouest;93.5113331828;14.4
TRA_7;2015-11;Transilien;J;Paris Saint-Lazare Nord;88.3;7.5
TRA_10;2015-11;Transilien;N;Paris Montparnasse;88.5;7.7
TRA_11;2015-11;Transilien;P;Paris Est;87.9;7.3
TRA_3;2015-12;RER;C;RER C;90.3;9.3
TRA_9;2015-12;Transilien;L;Paris Saint-Lazare Sud;88.1;7.4
TRA_10;2015-12;Transilien;N;Paris Montparnasse;92.6;12.5
TRA_3;2016-01;RER;C;RER C;89.9;8.9
TRA_6;2016-01;Transilien;H;Paris Nord Ouest;95.7;22.3
TRA_10;2016-01;Transilien;N;Paris Montparnasse;92.1;11.7
TRA_5;2016-02;RER;E;RER E;93.1;13.5
TRA_10;2016-02;Transilien;N;Paris Montparnasse;93.7;14.9
TRA_13;2016-02;Transilien;U;La Verrière - La Défense;96.8;30.3
TRA_8;2016-03;Transilien;K;Paris Nord Crépy;85.8;6.0
TRA_9;2016-04;Transilien;L;Paris Saint-Lazare Sud;89.4;8.4
TRA_4;2016-05;RER;D;RER D;85.7;6.0
TRA_6;2016-05;Transilien;H;Paris Nord Ouest;96.1;24.6
TRA_3;2016-06;RER;C;RER C;88.1;7.4
TRA_8;2016-06;Transilien;K;Paris Nord Crépy;89.4;8.4
TRA_9;2016-06;Transilien;L;Paris Saint-Lazare Sud;88.3;7.5
TRA_5;2016-07;RER;E;RER E;89.9;8.9
TRA_6;2016-07;Transilien;H;Paris Nord Ouest;91.8;11.2
TRA_12;2016-07;Transilien;R;Paris Sud Est;86.7;6.5
TRA_3;2016-09;RER;C;RER C;88.6;7.8
TRA_5;2016-09;RER;E;RER E;94.4;16.9
TRA_6;2016-09;Transilien;H;Paris Nord Ouest;96.4;26.8
TRA_12;2016-09;Transilien;R;Paris Sud Est;87.4;6.9
TRA_4;2016-10;RER;D;RER D;84.9;5.6
TRA_6;2016-10;Transilien;H;Paris Nord Ouest;95.6;21.7
TRA_7;2016-11;Transilien;J;Paris Saint-Lazare Nord;86.4;6.4
TRA_10;2016-11;Transilien;N;Paris Montparnasse;86.2;6.2
TRA_1;2016-12;RER;A;RER A;66.7;2.0
TRA_4;2016-12;RER;D;RER D;80.8;4.2
TRA_11;2016-12;Transilien;P;Paris Est;90.7;9.8
TRA_12;2017-01;Transilien;R;Paris Sud Est;88.8;7.9
TRA_1;2017-02;RER;A;RER A;69.35;2.3
TRA_6;2017-02;Transilien;H;Paris Nord Ouest;93.1;13.5
TRA_9;2017-02;Transilien;L;Paris Saint-Lazare Sud;90.1;9.1
TRA_11;2017-02;Transilien;P;Paris Est;91.8;11.2
TRA_12;2017-02;Transilien;R;Paris Sud Est;89.6;8.6
TRA_9;2017-03;Transilien;L;Paris Saint-Lazare Sud;90.1;9.1
TRA_4;2017-04;RER;D;RER D;86.3;6.3
TRA_7;2017-04;Transilien;J;Paris Saint-Lazare Nord;92.4;12.2
TRA_13;2017-04;Transilien;U;La Verrière - La Défense;94.8;18.2
TRA_2;2017-05;RER;B;RER B;82.2584218256;4.6
TRA_5;2017-05;RER;E;RER E;91.6928731812;11.0
TRA_9;2017-05;Transilien;L;Paris Saint-Lazare Sud;88.9161946777;8.0
TRA_10;2017-05;Transilien;N;Paris Montparnasse;89.2151337397;8.3
TRA_1;2017-06;RER;A;RER A;69.9477885533;2.3
TRA_10;2017-06;Transilien;N;Paris Montparnasse;90.0309743901;9.0
TRA_3;2017-07;RER;C;RER C;89.4050234301;8.4
TRA_2;2017-08;RER;B;RER B;93.2;13.7
TRA_3;2017-08;RER;C;RER C;93.8;15.1
TRA_9;2017-08;Transilien;L;Paris Saint-Lazare Sud;92.5;12.3
TRA_5;2017-09;RER;E;RER E;95.0;19.0
TRA_7;2017-09;Transilien;J;Paris Saint-Lazare Nord;89.9;8.9
TRA_6;2017-10;Transilien;H;Paris Nord Ouest;92.5;12.3
TRA_9;2017-10;Transilien;L;Paris Saint-Lazare Sud;86.4;6.4
TRA_10;2017-10;Transilien;N;Paris Montparnasse;90.4;9.4
TRA_6;2017-11;Transilien;H;Paris Nord Ouest;88.7;7.8
TRA_2;2017-12;RER;B;RER B;84.3;5.4
TRA_13;2017-12;Transilien;U;La Verrière - La Défense;91.4;10.6
TRA_1;2018-01;RER;A;RER A;79.6;3.9
TRA_8;2018-01;Transilien;K;Paris Nord Crépy;91.6;10.9
TRA_12;2018-01;Transilien;R;Paris Sud Est;81.7;4.5
TRA_13;2018-01;Transilien;U;La Verrière - La Défense;91.4;10.6
TRA_6;2018-02;Transilien;H;Paris Nord Ouest;90.3;9.3
TRA_8;2018-02;Transilien;K;Paris Nord Crépy;88.7;7.8
TRA_9;2018-02;Transilien;L;Paris Saint-Lazare Sud;84.9;5.6
TRA_4;2018-03;RER;D;RER D;82.2;4.6
TRA_7;2018-03;Transilien;J;Paris Saint-Lazare Nord;88.2;7.5
TRA_9;2018-03;Transilien;L;Paris Saint-Lazare Sud;89.8;8.8
TRA_10;2018-03;Transilien;N;Paris Montparnasse;89.5;8.5
TRA_4;2018-04;RER;D;RER D;90.5;9.5
TRA_4;2018-05;RER;D;RER D;85.4;5.8
TRA_10;2018-05;Transilien;N;Paris Montparnasse;92.1;11.7
TRA_12;2018-05;Transilien;R;Paris Sud Est;85.9;6.1
TRA_4;2018-06;RER;D;RER D;84.4;5.4
TRA_7;2018-06;Transilien;J;Paris Saint-Lazare Nord;94.0;15.7
TRA_8;2018-06;Transilien;K;Paris Nord Crépy;94.4;16.9
TRA_3;2018-07;RER;C;RER C;88.9;8.0
TRA_1;2018-08;RER;A;RER A;91.8;11.2
TRA_3;2018-08;RER;C;RER C;92.4;12.2
TRA_8;2018-08;Transilien;K;Paris Nord Crépy;89.0;8.1
TRA_12;2018-08;Transilien;R;Paris Sud Est;84.1;5.3
TRA_13;2018-08;Transilien;U;La Verrière - La Défense;90.8;9.9
TRA_4;2018-11;RER;D;RER D;77.4;3.4
TRA_6;2018-11;Transilien;H;Paris Nord Ouest;86.8;6.6
TRA_9;2018-11;Transilien;L;Paris Saint-Lazare Sud;88.2;7.5
TRA_2;2018-12;RER;B;RER B;85.6;5.9
TRA_6;2018-12;Transilien;H;Paris Nord Ouest;93.2;13.7
TRA_11;2018-12;Transilien;P;Paris Est;87.8;7.2
TRA_13;2018-12;Transilien;U;La Verrière - La Défense;91.6;10.9
TRA_10;2019-01;Transilien;N;Paris Montparnasse;87.1;6.8
TRA_12;2019-01;Transilien;R;Paris Sud Est;80.2;4.1
TRA_1;2019-02;RER;A;RER A;86.9;6.6
TRA_2;2019-02;RER;B;RER B;84.5;5.5
TRA_5;2019-02;RER;E;RER E;93.0532002163;13.4
TRA_8;2019-02;Transilien;K;Paris Nord Crépy;94.8673157971;18.5
TRA_12;2019-02;Transilien;R;Paris Sud Est;84.2654956927;5.4
TRA_6;2019-03;Transilien;H;Paris Nord Ouest;96.3173470384;26.2
TRA_10;2019-03;Transilien;N;Paris Montparnasse;93.0550733938;13.4
TRA_6;2019-04;Transilien;H;Paris Nord Ouest;96.270247076;25.8
TRA_7;2019-04;Transilien;J;Paris Saint-Lazare Nord;91.8373353331;11.3
TRA_9;2019-04;Transilien;L;Paris Saint-Lazare Sud;93.564744988;14.5
TRA_13;2019-04;Transilien;U;La Verrière - La Défense;97.0675795068;33.1
TRA_1;2019-05;RER;A;RER A;88.5364970206;7.7
TRA_3;2019-05;RER;C;RER C;90.9553992013;10.1
TRA_4;2019-05;RER;D;RER D;87.4324780659;7.0
TRA_1;2019-06;RER;A;RER A;86.6910070306;6.5
TRA_9;2019-06;Transilien;L;Paris Saint-Lazare Sud;92.1166288919;11.7
TRA_13;2019-06;Transilien;U;La Verrière - La Défense;94.1292748554;16.0
TRA_1;2019-07;RER;A;RER A;84.4615984756;5.4
TRA_2;2019-07;RER;B;RER B;84.9117605297;5.6
TRA_3;2019-07;RER;C;RER C;87.2193902005;6.8
TRA_11;2019-07;Transilien;P;Paris Est;82.7309555843;4.8
TRA_2;2019-08;RER;B;RER B;91.2516677331;10.4
TRA_5;2019-08;RER;E;RER E;85.0014380164;5.7
TRA_7;2019-09;Transilien;J;Paris Saint-Lazare Nord;91.4351502892;10.7
TRA_9;2019-09;Transilien;L;Paris Saint-Lazare Sud;93.8342745371;15.2
TRA_10;2019-09;Transilien;N;Paris Montparnasse;93.2004083826;13.7
TRA_8;2019-10;Transilien;K;Paris Nord Crépy;86.6285198392;6.5
TRA_9;2019-10;Transilien;L;Paris Saint-Lazare Sud;89.8365123151;8.8
TRA_11;2019-10;Transilien;P;Paris Est;88.8934830155;8.0
TRA_13;2019-10;Transilien;U;La Verrière - La Défense;91.7951105282;11.2
TRA_7;2019-11;Transilien;J;Paris Saint-Lazare Nord;88.0219274488;7.3
TRA_5;2020-02;RER;E;RER E;88.0502286132;7.4
TRA_6;2020-02;Transilien;H;Paris Nord Ouest;90.5574897208;9.6
TRA_8;2020-06;Transilien;K;Paris Nord Crépy;92.5451778248;12.4
TRA_6;2020-07;Transilien;H;Paris Nord Ouest;94.1986855312;16.2
TRA_11;2020-07;Transilien;P;Paris Est;90.4535791678;9.5
TRA_9;2020-08;Transilien;L;Paris Saint-Lazare Sud;95.972486532;23.8
TRA_13;2020-08;Transilien;U;La Verrière - La Défense;96.7634687847;29.9
TRA_6;2020-09;Transilien;H;Paris Nord Ouest;94.267848468;16.4
TRA_10;2020-09;Transilien;N;Paris Montparnasse;93.6456698683;14.7
TRA_11;2020-09;Transilien;P;Paris Est;92.9986317691;13.3
TRA_13;2020-09;Transilien;U;La Verrière - La Défense;96.6591169751;28.9
TRA_5;2013-01;RER;E;RER E;93.3;13.9
TRA_9;2013-01;Transilien;L;Paris Saint-Lazare Sud;84.0;5.3
TRA_11;2013-01;Transilien;P;Paris Est;85.8;6.0
TRA_1;2013-02;RER;A;RER A;86.2;6.2
TRA_3;2013-03;RER;C;RER C;87.6;7.1
TRA_8;2013-03;Transilien;K;Paris Nord Crépy;77.3;3.4
TRA_3;2013-04;RER;C;RER C;88.7;7.8
TRA_4;2013-04;RER;D;RER D;82.9;4.8
TRA_7;2013-04;Transilien;J;Paris Saint-Lazare Nord;85.0;5.7
TRA_11;2013-04;Transilien;P;Paris Est;92.7;12.7
TRA_8;2013-05;Transilien;K;Paris Nord Crépy;81.3;4.3
TRA_9;2013-05;Transilien;L;Paris Saint-Lazare Sud;90.6;9.6
TRA_10;2013-05;Transilien;N;Paris Montparnasse;96.1;24.6
TRA_11;2013-05;Transilien;P;Paris Est;90.4;9.4
TRA_2;2013-06;RER;B;RER B;82.2;4.6
TRA_9;2013-06;Transilien;L;Paris Saint-Lazare Sud;82.3;4.6
TRA_2;2013-07;RER;B;RER B;84.1;5.3
TRA_10;2013-07;Transilien;N;Paris Montparnasse;93.2;13.7
TRA_8;2013-08;Transilien;K;Paris Nord Crépy;88.3;7.5
TRA_12;2013-08;Transilien;R;Paris Sud Est;92.0;11.5
TRA_13;2013-08;Transilien;U;La Verrière - La Défense;95.3;20.3
TRA_4;2013-09;RER;D;RER D;83.1;4.9
TRA_11;2013-09;Transilien;P;Paris Est;88.0;7.3
TRA_4;2013-10;RER;D;RER D;79.6;3.9
TRA_8;2013-10;Transilien;K;Paris Nord Crépy;81.2;4.3
TRA_11;2013-10;Transilien;P;Paris Est;87.3;6.9
TRA_10;2013-11;Transilien;N;Paris Montparnasse;88.1;7.4
TRA_3;2013-12;RER;C;RER C;90.9;10.0
TRA_8;2013-12;Transilien;K;Paris Nord Crépy;83.1;4.9
TRA_1;2014-01;RER;A;RER A;81.1;4.3
TRA_9;2014-01;Transilien;L;Paris Saint-Lazare Sud;82.3;4.6
TRA_10;2014-01;Transilien;N;Paris Montparnasse;96.1;24.6
TRA_11;2014-01;Transilien;P;Paris Est;91.0;10.1
TRA_13;2014-01;Transilien;U;La Verrière - La Défense;93.2;13.7
TRA_4;2014-02;RER;D;RER D;88.2;7.5
TRA_10;2014-03;Transilien;N;Paris Montparnasse;95.4;20.7
TRA_11;2014-03;Transilien;P;Paris Est;88.8;7.9
TRA_12;2014-03;Transilien;R;Paris Sud Est;91.5;10.8
TRA_7;2014-04;Transilien;J;Paris Saint-Lazare Nord;88.9;8.0
TRA_3;2014-05;RER;C;RER C;91.7;11.0
TRA_5;2014-05;RER;E;RER E;93.3;13.9
TRA_7;2014-05;Transilien;J;Paris Saint-Lazare Nord;87.1;6.8
TRA_1;2014-06;RER;A;RER A;72.6;2.6
TRA_4;2014-06;RER;D;RER D;85.2;5.8
TRA_8;2014-06;Transilien;K;Paris Nord Crépy;79.6;3.9
TRA_1;2014-07;RER;A;RER A;70.5;2.4
TRA_4;2014-07;RER;D;RER D;86.6;6.5
TRA_5;2014-07;RER;E;RER E;92.5;12.3
TRA_11;2014-07;Transilien;P;Paris Est;88.1;7.4
TRA_12;2014-07;Transilien;R;Paris Sud Est;89.7;8.7
TRA_13;2014-07;Transilien;U;La Verrière - La Défense;93.3;13.9
TRA_2;2014-08;RER;B;RER B;90.7;9.8
TRA_3;2014-08;RER;C;RER C;93.9;15.4
TRA_4;2014-08;RER;D;RER D;92.0;11.5
TRA_2;2014-09;RER;B;RER B;87.4;6.9
TRA_10;2014-09;Transilien;N;Paris Montparnasse;91.6;10.9
TRA_8;2014-10;Transilien;K;Paris Nord Crépy;86.5;6.4
TRA_11;2014-10;Transilien;P;Paris Est;90.7;9.8
TRA_12;2014-10;Transilien;R;Paris Sud Est;77.9;3.5
TRA_1;2014-11;RER;A;RER A;69.8;2.3
TRA_2;2014-12;RER;B;RER B;84.6;5.5
TRA_4;2014-12;RER;D;RER D;84.2;5.3
TRA_6;2014-12;Transilien;H;Paris Nord Ouest;94.1;15.9
TRA_8;2014-12;Transilien;K;Paris Nord Crépy;83.6;5.1
TRA_1;2015-01;RER;A;RER A;74.5;2.9
TRA_4;2015-01;RER;D;RER D;86.562984012;6.4
TRA_7;2015-02;Transilien;J;Paris Saint-Lazare Nord;85.0582355825;5.7
TRA_11;2015-02;Transilien;P;Paris Est;92.7710751127;12.8
TRA_3;2015-03;RER;C;RER C;88.9155867451;8.0
TRA_5;2015-03;RER;E;RER E;96.3263168075;26.2
TRA_9;2015-03;Transilien;L;Paris Saint-Lazare Sud;82.9023923154;4.8
TRA_9;2015-04;Transilien;L;Paris Saint-Lazare Sud;81.7515864371;4.5
TRA_12;2015-04;Transilien;R;Paris Sud Est;86.114716919;6.2
TRA_13;2015-04;Transilien;U;La Verrière - La Défense;93.1680234041;13.6
TRA_3;2015-05;RER;C;RER C;91.4447374589;10.7
TRA_4;2015-05;RER;D;RER D;86.3768853161;6.3
TRA_10;2015-05;Transilien;N;Paris Montparnasse;93.7811658877;15.1
TRA_13;2015-05;Transilien;U;La Verrière - La Défense;94.9440173559;18.8
TRA_4;2015-06;RER;D;RER D;82.8097061383;4.8
TRA_12;2015-06;Transilien;R;Paris Sud Est;85.1866824833;5.8
TRA_1;2015-07;RER;A;RER A;73.1;2.7
TRA_4;2015-07;RER;D;RER D;87.7;7.1
TRA_6;2015-07;Transilien;H;Paris Nord Ouest;92.8;12.9
TRA_7;2015-07;Transilien;J;Paris Saint-Lazare Nord;86.9;6.6
TRA_9;2015-07;Transilien;L;Paris Saint-Lazare Sud;78.5;3.7
TRA_9;2015-08;Transilien;L;Paris Saint-Lazare Sud;89.9;8.9
TRA_1;2015-10;RER;A;RER A;65.8300320893;1.9
TRA_8;2015-10;Transilien;K;Paris Nord Crépy;90.2045165447;9.2
TRA_10;2015-10;Transilien;N;Paris Montparnasse;87.4471200064;7.0
TRA_12;2015-10;Transilien;R;Paris Sud Est;85.0449364405;5.7
TRA_1;2015-12;RER;A;RER A;70.1580275165;2.4
TRA_4;2016-01;RER;D;RER D;81.4;4.4
TRA_7;2016-01;Transilien;J;Paris Saint-Lazare Nord;91.6;10.9
TRA_1;2016-02;RER;A;RER A;71.7;2.5
TRA_4;2016-02;RER;D;RER D;86.7;6.5
TRA_10;2016-03;Transilien;N;Paris Montparnasse;93.2;13.7
TRA_11;2016-03;Transilien;P;Paris Est;89.2;8.3
TRA_1;2016-04;RER;A;RER A;72.6;2.6
TRA_2;2016-04;RER;B;RER B;90.1;9.1
TRA_3;2016-04;RER;C;RER C;90.6;9.6
TRA_6;2016-04;Transilien;H;Paris Nord Ouest;96.4;26.8
TRA_7;2016-04;Transilien;J;Paris Saint-Lazare Nord;91.0;10.1
TRA_11;2016-04;Transilien;P;Paris Est;89.4;8.4
TRA_13;2016-04;Transilien;U;La Verrière - La Défense;95.8;22.8
TRA_10;2016-05;Transilien;N;Paris Montparnasse;89.9;8.9
TRA_12;2016-05;Transilien;R;Paris Sud Est;81.1;4.3
TRA_1;2016-06;RER;A;RER A;70.7;2.4
TRA_2;2016-06;RER;B;RER B;88.1;7.4
TRA_5;2016-06;RER;E;RER E;93.0;13.3
TRA_7;2016-06;Transilien;J;Paris Saint-Lazare Nord;90.5;9.5
TRA_9;2016-07;Transilien;L;Paris Saint-Lazare Sud;87.6;7.1
TRA_11;2016-07;Transilien;P;Paris Est;86.4;6.4
TRA_1;2016-08;RER;A;RER A;82.3;4.6
TRA_2;2016-08;RER;B;RER B;93.19;13.7
TRA_3;2016-08;RER;C;RER C;90.3;9.3
TRA_10;2016-08;Transilien;N;Paris Montparnasse;92.0;11.5
TRA_13;2016-08;Transilien;U;La Verrière - La Défense;93.2;13.7
TRA_4;2016-09;RER;D;RER D;85.8;6.0
TRA_11;2016-09;Transilien;P;Paris Est;93.0;13.3
TRA_5;2016-10;RER;E;RER E;93.0;13.3
TRA_9;2016-10;Transilien;L;Paris Saint-Lazare Sud;88.2;7.5
TRA_12;2016-10;Transilien;R;Paris Sud Est;83.1;4.9
TRA_4;2016-11;RER;D;RER D;83.4;5.0
TRA_6;2016-11;Transilien;H;Paris Nord Ouest;94.4;16.9
TRA_11;2016-11;Transilien;P;Paris Est;87.7;7.1
TRA_5;2016-12;RER;E;RER E;94.0;15.7
TRA_6;2016-12;Transilien;H;Paris Nord Ouest;58.1;1.4
TRA_10;2016-12;Transilien;N;Paris Montparnasse;90.1;9.1
TRA_1;2017-01;RER;A;RER A;68.25;2.1
TRA_2;2017-01;RER;B;RER B;87.8;7.2
TRA_3;2017-01;RER;C;RER C;87.3;6.9
TRA_4;2017-01;RER;D;RER D;85.2;5.8
TRA_5;2017-01;RER;E;RER E;92.3;12.0
TRA_8;2017-01;Transilien;K;Paris Nord Crépy;95.7;22.3
TRA_4;2017-02;RER;D;RER D;87.0;6.7
TRA_7;2017-02;Transilien;J;Paris Saint-Lazare Nord;92.5;12.3
TRA_13;2017-02;Transilien;U;La Verrière - La Défense;95.5;21.2
TRA_2;2017-03;RER;B;RER B;83.8;5.2
TRA_11;2017-03;Transilien;P;Paris Est;93.2;13.7
TRA_8;2017-04;Transilien;K;Paris Nord Crépy;93.4;14.2
TRA_10;2017-04;Transilien;N;Paris Montparnasse;93.9;15.4
TRA_1;2017-05;RER;A;RER A;70.8893011536;2.4
TRA_11;2017-05;Transilien;P;Paris Est;91.4415476651;10.7
TRA_4;2017-06;RER;D;RER D;82.9617086881;4.9
TRA_6;2017-06;Transilien;H;Paris Nord Ouest;86.4355340957;6.4
TRA_7;2017-06;Transilien;J;Paris Saint-Lazare Nord;89.8792879594;8.9
TRA_1;2017-07;RER;A;RER A;70.8349543263;2.4
TRA_4;2017-07;RER;D;RER D;83.4973387817;5.1
TRA_6;2017-07;Transilien;H;Paris Nord Ouest;93.3076468551;13.9
TRA_7;2017-07;Transilien;J;Paris Saint-Lazare Nord;91.2108657387;10.4
TRA_13;2017-07;Transilien;U;La Verrière - La Défense;92.5902909661;12.5
TRA_5;2017-08;RER;E;RER E;94.5;17.2
TRA_10;2017-08;Transilien;N;Paris Montparnasse;92.0;11.5
TRA_13;2017-08;Transilien;U;La Verrière - La Défense;96.1;24.6
TRA_12;2017-09;Transilien;R;Paris Sud Est;80.9;4.2
TRA_13;2017-09;Transilien;U;La Verrière - La Défense;93.0;13.3
TRA_3;2017-10;RER;C;RER C;89.4;8.4
TRA_7;2017-10;Transilien;J;Paris Saint-Lazare Nord;90.2;9.2
TRA_7;2017-11;Transilien;J;Paris Saint-Lazare Nord;87.4;6.9
TRA_12;2017-11;Transilien;R;Paris Sud Est;79.3;3.8
TRA_3;2017-12;RER;C;RER C;88.7;7.8
TRA_5;2017-12;RER;E;RER E;94.0;15.7
TRA_10;2017-12;Transilien;N;Paris Montparnasse;86.0;6.1
TRA_3;2018-01;RER;C;RER C;88.1;7.4
TRA_10;2018-01;Transilien;N;Paris Montparnasse;90.5;9.5
TRA_2;2018-02;RER;B;RER B;79.8;4.0
TRA_7;2018-02;Transilien;J;Paris Saint-Lazare Nord;84.1;5.3
TRA_10;2018-02;Transilien;N;Paris Montparnasse;82.7;4.8
TRA_12;2018-02;Transilien;R;Paris Sud Est;73.2;2.7
TRA_11;2018-03;Transilien;P;Paris Est;91.5;10.8
TRA_6;2018-04;Transilien;H;Paris Nord Ouest;95.4;20.7
TRA_8;2018-04;Transilien;K;Paris Nord Crépy;90.6;9.6
TRA_1;2018-05;RER;A;RER A;82.2;4.6
TRA_6;2018-05;Transilien;H;Paris Nord Ouest;90.8;9.9
TRA_2;2018-06;RER;B;RER B;87.4;6.9
TRA_5;2018-06;RER;E;RER E;92.9;13.1
TRA_12;2018-06;Transilien;R;Paris Sud Est;81.1;4.3
TRA_13;2018-06;Transilien;U;La Verrière - La Défense;92.4;12.2
TRA_12;2018-07;Transilien;R;Paris Sud Est;81.7;4.5
TRA_10;2018-08;Transilien;N;Paris Montparnasse;82.1;4.6
TRA_2;2018-09;RER;B;RER B;87.0;6.7
TRA_7;2018-09;Transilien;J;Paris Saint-Lazare Nord;87.8;7.2
TRA_10;2018-09;Transilien;N;Paris Montparnasse;91.1;10.2
TRA_11;2018-09;Transilien;P;Paris Est;91.8;11.2
TRA_8;2018-10;Transilien;K;Paris Nord Crépy;88.2;7.5
TRA_9;2018-10;Transilien;L;Paris Saint-Lazare Sud;91.6;10.9
TRA_1;2018-11;RER;A;RER A;83.13;4.9
TRA_3;2018-11;RER;C;RER C;83.5;5.1
TRA_7;2018-11;Transilien;J;Paris Saint-Lazare Nord;88.6;7.8
TRA_8;2018-11;Transilien;K;Paris Nord Crépy;87.2;6.8
TRA_11;2018-11;Transilien;P;Paris Est;86.6;6.5
TRA_4;2018-12;RER;D;RER D;87.0;6.7
TRA_5;2018-12;RER;E;RER E;93.6;14.6
TRA_2;2019-01;RER;B;RER B;83.9;5.2
TRA_11;2019-01;Transilien;P;Paris Est;85.2;5.8
TRA_1;2019-03;RER;A;RER A;88.3;7.5
TRA_12;2019-03;Transilien;R;Paris Sud Est;88.6508082715;7.8
TRA_13;2019-03;Transilien;U;La Verrière - La Défense;95.9446624281;23.7
TRA_5;2019-04;RER;E;RER E;90.8825314069;10.0
TRA_8;2019-04;Transilien;K;Paris Nord Crépy;96.6542153107;28.9
TRA_12;2019-04;Transilien;R;Paris Sud Est;88.9835376818;8.1
TRA_6;2019-05;Transilien;H;Paris Nord Ouest;92.6134257074;12.5
TRA_2;2019-06;RER;B;RER B;84.5703278453;5.5
TRA_3;2019-06;RER;C;RER C;86.0919101251;6.2
TRA_5;2019-06;RER;E;RER E;91.0253888539;10.1
TRA_7;2019-06;Transilien;J;Paris Saint-Lazare Nord;86.1874863413;6.2
TRA_11;2019-06;Transilien;P;Paris Est;86.7794114703;6.6
TRA_10;2019-07;Transilien;N;Paris Montparnasse;92.4516996063;12.2
TRA_12;2019-07;Transilien;R;Paris Sud Est;86.5161740573;6.4
TRA_8;2019-08;Transilien;K;Paris Nord Crépy;95.4314205722;20.9
TRA_10;2019-08;Transilien;N;Paris Montparnasse;95.2683476971;20.1
TRA_11;2019-08;Transilien;P;Paris Est;91.5136091275;10.8
TRA_1;2019-09;RER;A;RER A;87.5728790695;7.0
TRA_4;2019-09;RER;D;RER D;86.7985737414;6.6
TRA_5;2019-09;RER;E;RER E;90.1300261821;9.1
TRA_6;2019-09;Transilien;H;Paris Nord Ouest;96.4939805702;27.5
TRA_12;2019-09;Transilien;R;Paris Sud Est;86.2375180257;6.3
TRA_13;2019-09;Transilien;U;La Verrière - La Défense;95.8603449534;23.2
TRA_4;2019-10;RER;D;RER D;79.8587131211;4.0
TRA_5;2019-10;RER;E;RER E;91.4150474074;10.6
TRA_6;2019-10;Transilien;H;Paris Nord Ouest;90.3290589447;9.3
TRA_2;2019-11;RER;B;RER B;78.262608164;3.6
TRA_8;2019-11;Transilien;K;Paris Nord Crépy;93.75604687;15.0
TRA_12;2019-11;Transilien;R;Paris Sud Est;86.2591792804;6.3
TRA_11;2020-02;Transilien;P;Paris Est;89.1155910695;8.2
TRA_9;2020-06;Transilien;L;Paris Saint-Lazare Sud;93.3066815967;13.9
TRA_12;2020-06;Transilien;R;Paris Sud Est;88.9936975488;8.1
TRA_1;2020-07;RER;A;RER A;89.0380917175;8.1
TRA_3;2020-07;RER;C;RER C;92.2690334907;11.9
TRA_7;2020-07;Transilien;J;Paris Saint-Lazare Nord;92.4947408907;12.3
TRA_4;2020-08;RER;D;RER D;87.4982800387;7.0
TRA_8;2020-08;Transilien;K;Paris Nord Crépy;76.9143270409;3.3
TRA_2;2020-09;RER;B;RER B;83.4099137874;5.0
TRA_1;2013-01;RER;A;RER A;83.6;5.1
TRA_2;2013-01;RER;B;RER B;80.1;4.0
TRA_7;2013-01;Transilien;J;Paris Saint-Lazare Nord;82.5;4.7
TRA_12;2013-01;Transilien;R;Paris Sud Est;87.2;6.8
TRA_6;2013-02;Transilien;H;Paris Nord Ouest;92.7;12.7
TRA_10;2013-02;Transilien;N;Paris Montparnasse;93.3;13.9
TRA_10;2013-03;Transilien;N;Paris Montparnasse;89.1;8.2
TRA_1;2013-04;RER;A;RER A;83.3;5.0
TRA_2;2013-04;RER;B;RER B;86.4;6.4
TRA_8;2013-04;Transilien;K;Paris Nord Crépy;82.0;4.6
TRA_9;2013-04;Transilien;L;Paris Saint-Lazare Sud;84.4;5.4
TRA_12;2013-04;Transilien;R;Paris Sud Est;89.3;8.3
TRA_2;2013-05;RER;B;RER B;84.0;5.3
TRA_13;2013-05;Transilien;U;La Verrière - La Défense;95.3;20.3
TRA_4;2013-06;RER;D;RER D;85.1;5.7
TRA_5;2013-06;RER;E;RER E;93.9;15.4
TRA_6;2013-06;Transilien;H;Paris Nord Ouest;94.1;15.9
TRA_2;2013-08;RER;B;RER B;89.9;8.9
TRA_6;2013-08;Transilien;H;Paris Nord Ouest;95.4;20.7
TRA_10;2013-08;Transilien;N;Paris Montparnasse;96.0;24.0
TRA_7;2013-09;Transilien;J;Paris Saint-Lazare Nord;88.8;7.9
TRA_12;2013-09;Transilien;R;Paris Sud Est;89.6;8.6
TRA_7;2013-10;Transilien;J;Paris Saint-Lazare Nord;83.2;5.0
TRA_9;2013-10;Transilien;L;Paris Saint-Lazare Sud;82.0;4.6
TRA_2;2013-11;RER;B;RER B;77.9;3.5
TRA_5;2013-11;RER;E;RER E;92.0;11.5
TRA_7;2013-11;Transilien;J;Paris Saint-Lazare Nord;80.7;4.2
TRA_8;2013-11;Transilien;K;Paris Nord Crépy;77.7;3.5
TRA_11;2013-11;Transilien;P;Paris Est;82.8;4.8
TRA_12;2013-11;Transilien;R;Paris Sud Est;82.5;4.7
TRA_1;2013-12;RER;A;RER A;81.2;4.3
TRA_4;2013-12;RER;D;RER D;85.5;5.9
TRA_7;2013-12;Transilien;J;Paris Saint-Lazare Nord;84.4;5.4
TRA_13;2013-12;Transilien;U;La Verrière - La Défense;90.6;9.6
TRA_5;2014-01;RER;E;RER E;93.6;14.6
TRA_13;2014-02;Transilien;U;La Verrière - La Défense;92.2;11.8
TRA_6;2014-03;Transilien;H;Paris Nord Ouest;96.4;26.8
TRA_8;2014-03;Transilien;K;Paris Nord Crépy;87.9;7.3
TRA_5;2014-04;RER;E;RER E;93.9;15.4
TRA_6;2014-04;Transilien;H;Paris Nord Ouest;95.7;22.3
TRA_10;2014-04;Transilien;N;Paris Montparnasse;95.8;22.8
TRA_6;2014-05;Transilien;H;Paris Nord Ouest;96.9;31.3
TRA_9;2014-05;Transilien;L;Paris Saint-Lazare Sud;88.8;7.9
TRA_3;2014-06;RER;C;RER C;87.3;6.9
TRA_2;2014-07;RER;B;RER B;86.9;6.6
TRA_6;2014-07;Transilien;H;Paris Nord Ouest;93.1;13.5
TRA_12;2014-08;Transilien;R;Paris Sud Est;93.2;13.7
TRA_4;2014-10;RER;D;RER D;81.4;4.4
TRA_5;2014-10;RER;E;RER E;94.0;15.7
TRA_9;2014-10;Transilien;L;Paris Saint-Lazare Sud;82.4;4.7
TRA_10;2014-10;Transilien;N;Paris Montparnasse;91.0;10.1
TRA_4;2014-11;RER;D;RER D;84.7789019644;5.6
TRA_7;2014-11;Transilien;J;Paris Saint-Lazare Nord;85.7755475979;6.0
TRA_11;2014-11;Transilien;P;Paris Est;87.2800648893;6.9
TRA_10;2014-12;Transilien;N;Paris Montparnasse;94.0;15.7
TRA_11;2014-12;Transilien;P;Paris Est;88.7;7.8
TRA_6;2015-01;Transilien;H;Paris Nord Ouest;95.5645619782;21.5
TRA_7;2015-01;Transilien;J;Paris Saint-Lazare Nord;87.2331383961;6.8
TRA_12;2015-01;Transilien;R;Paris Sud Est;89.2314187431;8.3
TRA_4;2015-02;RER;D;RER D;87.642140672;7.1
TRA_6;2015-02;Transilien;H;Paris Nord Ouest;94.1782150702;16.2
TRA_13;2015-02;Transilien;U;La Verrière - La Défense;91.4461717765;10.7
TRA_7;2015-03;Transilien;J;Paris Saint-Lazare Nord;87.4978944245;7.0
TRA_11;2015-05;Transilien;P;Paris Est;92.7029222345;12.7
TRA_12;2015-05;Transilien;R;Paris Sud Est;85.6322194653;6.0
TRA_5;2015-06;RER;E;RER E;93.059152876;13.4
TRA_8;2015-06;Transilien;K;Paris Nord Crépy;90.0426262557;9.0
TRA_9;2015-06;Transilien;L;Paris Saint-Lazare Sud;82.6352043617;4.8
TRA_5;2015-07;RER;E;RER E;93.5;14.4
TRA_10;2015-07;Transilien;N;Paris Montparnasse;90.6;9.6
TRA_5;2015-08;RER;E;RER E;94.7;17.9
TRA_8;2015-08;Transilien;K;Paris Nord Crépy;87.6;7.1
TRA_11;2015-08;Transilien;P;Paris Est;90.8;9.9
TRA_12;2015-08;Transilien;R;Paris Sud Est;91.2;10.4
TRA_1;2015-09;RER;A;RER A;69.9949558857;2.3
TRA_4;2015-10;RER;D;RER D;84.1984724898;5.3
TRA_7;2015-10;Transilien;J;Paris Saint-Lazare Nord;87.9897277443;7.3
TRA_9;2015-10;Transilien;L;Paris Saint-Lazare Sud;82.6900710249;4.8
TRA_11;2015-10;Transilien;P;Paris Est;90.724966006;9.8
TRA_1;2015-11;RER;A;RER A;67.1;2.0
TRA_4;2015-11;RER;D;RER D;81.6;4.4
TRA_8;2015-11;Transilien;K;Paris Nord Crépy;85.0;5.7
TRA_9;2015-11;Transilien;L;Paris Saint-Lazare Sud;80.6;4.2
TRA_13;2015-11;Transilien;U;La Verrière - La Défense;90.5;9.5
TRA_5;2015-12;RER;E;RER E;95.5;21.2
TRA_7;2015-12;Transilien;J;Paris Saint-Lazare Nord;89.7;8.7
TRA_5;2016-01;RER;E;RER E;95.1;19.4
TRA_9;2016-01;Transilien;L;Paris Saint-Lazare Sud;89.0;8.1
TRA_2;2016-02;RER;B;RER B;86.9;6.6
TRA_8;2016-02;Transilien;K;Paris Nord Crépy;85.5;5.9
TRA_12;2016-02;Transilien;R;Paris Sud Est;88.1;7.4
TRA_2;2016-03;RER;B;RER B;89.5;8.5
TRA_9;2016-03;Transilien;L;Paris Saint-Lazare Sud;89.9;8.9
TRA_12;2016-03;Transilien;R;Paris Sud Est;90.8;9.9
TRA_4;2016-04;RER;D;RER D;89.2;8.3
TRA_5;2016-04;RER;E;RER E;93.7;14.9
TRA_8;2016-04;Transilien;K;Paris Nord Crépy;89.8;8.8
TRA_10;2016-04;Transilien;N;Paris Montparnasse;94.3;16.5
TRA_12;2016-04;Transilien;R;Paris Sud Est;90.1;9.1
TRA_5;2016-05;RER;E;RER E;91.0;10.1
TRA_9;2016-05;Transilien;L;Paris Saint-Lazare Sud;87.3;6.9
TRA_4;2016-06;RER;D;RER D;83.0;4.9
TRA_6;2016-06;Transilien;H;Paris Nord Ouest;93.8;15.1
TRA_10;2016-06;Transilien;N;Paris Montparnasse;80.3;4.1
TRA_11;2016-06;Transilien;P;Paris Est;90.1;9.1
TRA_1;2016-07;RER;A;RER A;73.0;2.7
TRA_4;2016-07;RER;D;RER D;85.8;6.0
TRA_10;2016-07;Transilien;N;Paris Montparnasse;94.7;17.9
TRA_8;2016-08;Transilien;K;Paris Nord Crépy;89.4;8.4
TRA_2;2016-09;RER;B;RER B;87.8;7.2
TRA_7;2016-09;Transilien;J;Paris Saint-Lazare Nord;92.1;11.7
TRA_8;2016-09;Transilien;K;Paris Nord Crépy;96.3;26.0
TRA_9;2016-09;Transilien;L;Paris Saint-Lazare Sud;90.7;9.8
TRA_10;2016-09;Transilien;N;Paris Montparnasse;90.8;9.9
TRA_1;2016-10;RER;A;RER A;70.6;2.4
TRA_2;2016-10;RER;B;RER B;83.7;5.1
TRA_3;2016-10;RER;C;RER C;89.2;8.3
TRA_1;2016-11;RER;A;RER A;65.9;1.9
TRA_3;2016-11;RER;C;RER C;86.4;6.4
TRA_8;2016-11;Transilien;K;Paris Nord Crépy;96.1;24.6
TRA_12;2016-11;Transilien;R;Paris Sud Est;83.8;5.2
TRA_8;2016-12;Transilien;K;Paris Nord Crépy;86.5;6.4
TRA_12;2016-12;Transilien;R;Paris Sud Est;88.6;7.8
TRA_13;2016-12;Transilien;U;La Verrière - La Défense;94.5;17.2
TRA_11;2017-01;Transilien;P;Paris Est;89.6;8.6
TRA_10;2017-02;Transilien;N;Paris Montparnasse;89.9;8.9
TRA_3;2017-03;RER;C;RER C;89.5;8.5
TRA_6;2017-03;Transilien;H;Paris Nord Ouest;90.4;9.4
TRA_7;2017-03;Transilien;J;Paris Saint-Lazare Nord;92.8;12.9
TRA_8;2017-03;Transilien;K;Paris Nord Crépy;92.9;13.1
TRA_5;2017-04;RER;E;RER E;93.5;14.4
TRA_6;2017-04;Transilien;H;Paris Nord Ouest;89.5;8.5
TRA_9;2017-04;Transilien;L;Paris Saint-Lazare Sud;92.3;12.0
TRA_13;2017-05;Transilien;U;La Verrière - La Défense;89.2656890131;8.3
TRA_2;2017-06;RER;B;RER B;88.5347650151;7.7
TRA_3;2017-06;RER;C;RER C;85.0085845983;5.7
TRA_8;2017-06;Transilien;K;Paris Nord Crépy;95.2640347043;20.1
TRA_11;2017-06;Transilien;P;Paris Est;82.0379525219;4.6
TRA_6;2017-08;Transilien;H;Paris Nord Ouest;97.6;40.7
TRA_8;2017-08;Transilien;K;Paris Nord Crépy;94.5;17.2
TRA_12;2017-08;Transilien;R;Paris Sud Est;86.4;6.4
TRA_4;2017-09;RER;D;RER D;85.3;5.8
TRA_6;2017-09;Transilien;H;Paris Nord Ouest;96.6;28.4
TRA_8;2017-09;Transilien;K;Paris Nord Crépy;93.2;13.7
TRA_9;2017-09;Transilien;L;Paris Saint-Lazare Sud;88.1;7.4
TRA_12;2017-10;Transilien;R;Paris Sud Est;85.2;5.8
TRA_4;2017-11;RER;D;RER D;79.2;3.8
TRA_11;2017-11;Transilien;P;Paris Est;89.7;8.7
TRA_13;2017-11;Transilien;U;La Verrière - La Défense;89.1;8.2
TRA_8;2017-12;Transilien;K;Paris Nord Crépy;90.0;9.0
TRA_12;2017-12;Transilien;R;Paris Sud Est;85.5;5.9
TRA_9;2018-01;Transilien;L;Paris Saint-Lazare Sud;89.8;8.8
TRA_3;2018-02;RER;C;RER C;82.9;4.8
TRA_5;2018-02;RER;E;RER E;81.5;4.4
TRA_11;2018-02;Transilien;P;Paris Est;76.3;3.2
TRA_2;2018-03;RER;B;RER B;86.4;6.4
TRA_12;2018-03;Transilien;R;Paris Sud Est;86.0;6.1
TRA_2;2018-04;RER;B;RER B;87.4;6.9
TRA_5;2018-04;RER;E;RER E;94.4;16.9
TRA_11;2018-04;Transilien;P;Paris Est;95.3;20.3
TRA_9;2018-05;Transilien;L;Paris Saint-Lazare Sud;91.5;10.8
TRA_11;2018-05;Transilien;P;Paris Est;87.2;6.8
TRA_13;2018-05;Transilien;U;La Verrière - La Défense;94.4;16.9
TRA_4;2018-07;RER;D;RER D;81.3;4.3
TRA_9;2018-07;Transilien;L;Paris Saint-Lazare Sud;89.3;8.3
TRA_10;2018-07;Transilien;N;Paris Montparnasse;79.0;3.8
TRA_13;2018-07;Transilien;U;La Verrière - La Défense;85.3;5.8
TRA_5;2018-08;RER;E;RER E;94.7;17.9
TRA_7;2018-08;Transilien;J;Paris Saint-Lazare Nord;93.3;13.9
TRA_11;2018-08;Transilien;P;Paris Est;93.3;13.9
TRA_1;2018-09;RER;A;RER A;82.2;4.6
TRA_5;2018-09;RER;E;RER E;94.4;16.9
TRA_6;2018-09;Transilien;H;Paris Nord Ouest;95.9;23.4
TRA_9;2018-09;Transilien;L;Paris Saint-Lazare Sud;90.7;9.8
TRA_12;2018-09;Transilien;R;Paris Sud Est;87.7;7.1
TRA_1;2018-10;RER;A;RER A;80.85;4.2
TRA_2;2018-10;RER;B;RER B;84.72;5.5
TRA_4;2018-10;RER;D;RER D;83.5;5.1
TRA_12;2018-10;Transilien;R;Paris Sud Est;90.0;9.0
TRA_12;2018-11;Transilien;R;Paris Sud Est;82.4;4.7
TRA_3;2018-12;RER;C;RER C;87.3;6.9
TRA_7;2018-12;Transilien;J;Paris Saint-Lazare Nord;88.5;7.7
TRA_3;2019-01;RER;C;RER C;88.1;7.4
TRA_4;2019-01;RER;D;RER D;84.0;5.3
TRA_9;2019-01;Transilien;L;Paris Saint-Lazare Sud;91.7;11.0
TRA_4;2019-02;RER;D;RER D;85.5739047031;5.9
TRA_9;2019-02;Transilien;L;Paris Saint-Lazare Sud;95.1117862979;19.5
TRA_10;2019-02;Transilien;N;Paris Montparnasse;92.878078221;13.0
TRA_11;2019-02;Transilien;P;Paris Est;86.5127646455;6.4
TRA_13;2019-02;Transilien;U;La Verrière - La Défense;96.5348983082;27.9
TRA_2;2019-03;RER;B;RER B;89.0;8.1
TRA_3;2019-03;RER;C;RER C;91.6553837286;11.0
TRA_2;2019-04;RER;B;RER B;87.7;7.1
TRA_2;2019-05;RER;B;RER B;89.2535499652;8.3
TRA_8;2019-05;Transilien;K;Paris Nord Crépy;92.7382945557;12.8
TRA_9;2019-05;Transilien;L;Paris Saint-Lazare Sud;91.7963938052;11.2
TRA_10;2019-05;Transilien;N;Paris Montparnasse;94.0988336416;15.9
TRA_12;2019-05;Transilien;R;Paris Sud Est;91.5363403061;10.8
TRA_4;2019-07;RER;D;RER D;85.101021131;5.7
TRA_5;2019-07;RER;E;RER E;91.0308703764;10.1
TRA_6;2019-07;Transilien;H;Paris Nord Ouest;93.6641343652;14.8
TRA_8;2019-07;Transilien;K;Paris Nord Crépy;93.186751117;13.7
TRA_9;2019-07;Transilien;L;Paris Saint-Lazare Sud;93.7409637237;15.0
TRA_4;2019-08;RER;D;RER D;88.681470749;7.8
TRA_7;2019-08;Transilien;J;Paris Saint-Lazare Nord;94.4014431528;16.9
TRA_11;2019-09;Transilien;P;Paris Est;85.9310726111;6.1
TRA_1;2019-10;RER;A;RER A;85.822831683;6.1
TRA_2;2019-10;RER;B;RER B;76.4883926888;3.3
TRA_7;2019-10;Transilien;J;Paris Saint-Lazare Nord;86.438963199;6.4
TRA_5;2019-11;RER;E;RER E;91.3307668724;10.5
TRA_2;2020-02;RER;B;RER B;80.0245907009;4.0
TRA_3;2020-02;RER;C;RER C;83.2491067352;5.0
TRA_4;2020-02;RER;D;RER D;84.3037838971;5.4
TRA_7;2020-02;Transilien;J;Paris Saint-Lazare Nord;86.8799268763;6.6
TRA_8;2020-02;Transilien;K;Paris Nord Crépy;93.1550725528;13.6
TRA_9;2020-02;Transilien;L;Paris Saint-Lazare Sud;92.802218264;12.9
TRA_10;2020-02;Transilien;N;Paris Montparnasse;92.1255794089;11.7
TRA_12;2020-02;Transilien;R;Paris Sud Est;80.7233327005;4.2
TRA_13;2020-02;Transilien;U;La Verrière - La Défense;78.6415127413;3.7
TRA_3;2020-06;RER;C;RER C;85.3401127893;5.8
TRA_10;2020-06;Transilien;N;Paris Montparnasse;90.8642983575;9.9
TRA_13;2020-06;Transilien;U;La Verrière - La Défense;95.4815958161;21.1
TRA_4;2020-07;RER;D;RER D;88.8047690681;7.9
TRA_8;2020-07;Transilien;K;Paris Nord Crépy;93.2393022184;13.8
TRA_10;2020-07;Transilien;N;Paris Montparnasse;94.1424092474;16.1
TRA_12;2020-08;Transilien;R;Paris Sud Est;92.6225941121;12.6
TRA_4;2020-09;RER;D;RER D;87.5932794428;7.1
TRA_7;2020-09;Transilien;J;Paris Saint-Lazare Nord;91.4809625891;10.7
