route_id,agency_id,route_short_name,route_long_name,route_desc,route_type,route_url,route_color,route_text_color
1,NMBS/SNCB,IC,Liège-Guillemins -- Liers,,103,,,
10,NMBS/SNCB,BUS,La Louvière-Sud -- Manage,,700,,,
100,NMBS/SNCB,IC,Enghien -- Tournai,,103,,,
101,NMBS/SNCB,BUS,Anvers-Central -- Tongres,,700,,,
102,NMBS/SNCB,BUS,Flémalle-Haute -- Huy,,700,,,
103,NMBS/SNCB,BUS,Bertrix -- Virton,,700,,,
104,NMBS/SNCB,IC,Mons -- Soignies,,103,,,
105,NMBS/SNCB,IC,Audenarde -- Denderleeuw,,103,,,
106,NMBS/SNCB,L,Namur -- Dinant,,100,,,
107,NMBS/SNCB,L,Gand-Saint-Pierre -- Renaix,,100,,,
108,NMBS/SNCB,L,Gand-Saint-Pierre -- Audenarde,,100,,,
109,NMBS/SNCB,IC,Zottegem -- Courtrai,,103,,,
11,NMBS/SNCB,BUS,Charleroi-Sud -- Mons,,700,,,
110,NMBS/SNCB,IC,Bruxelles-Midi -- Anvers-Central,,103,,,
111,NMBS/SNCB,IC,Liers -- Rivage,,103,,,
112,NMBS/SNCB,IC,Tournai -- Mouscron,,103,,,
113,NMBS/SNCB,IC,Burst -- Denderleeuw,,103,,,
114,NMBS/SNCB,IC,Mons -- Mouscron,,103,,,
115,NMBS/SNCB,IC,Jette -- Lokeren,,103,,,
116,NMBS/SNCB,IC,Bruxelles-Midi -- Rochefort-Jemelle,,103,,,
117,NMBS/SNCB,IC,Jette -- Termonde,,103,,,
118,NMBS/SNCB,IC,Saint-Ghislain -- Mouscron,,103,,,
119,NMBS/SNCB,IC,Burst -- Courtrai,,103,,,
12,NMBS/SNCB,BUS,Burst -- Denderleeuw,,700,,,
120,NMBS/SNCB,EXTRA,Charleroi-Sud -- Mons,,103,,,
121,NMBS/SNCB,EXTRA,Charleroi-Sud -- Tournai,,103,,,
122,NMBS/SNCB,IC,Charleroi-Sud -- Tournai,,103,,,
123,NMBS/SNCB,IC,Charleroi-Sud -- Mouscron,,103,,,
124,NMBS/SNCB,EXTRA,Charleroi-Sud -- Mouscron,,103,,,
125,NMBS/SNCB,IC,Libramont -- Arlon,,103,,,
126,NMBS/SNCB,IC,Bruges -- Ostende,,103,,,
127,NMBS/SNCB,IC,Liège-Saint-Lambert -- Flémalle-Haute,,103,,,
128,NMBS/SNCB,IC,Herentals -- Turnhout,,103,,,
129,NMBS/SNCB,IC,Herentals -- Hamont,,103,,,
13,NMBS/SNCB,BUS,Audenarde -- Courtrai,,700,,,
130,NMBS/SNCB,IC,Namur -- Dinant,,103,,,
131,NMBS/SNCB,IC,Bruxelles-Midi -- Gembloux,,103,,,
132,NMBS/SNCB,IC,Herentals -- Mol,,103,,,
133,NMBS/SNCB,IC,Herentals -- Neerpelt,,103,,,
134,NMBS/SNCB,L,Marloie -- Bomal,,100,,,
135,NMBS/SNCB,L,Ottignies -- Charleroi-Sud,,100,,,
136,NMBS/SNCB,L,Rochefort-Jemelle -- Bomal,,100,,,
137,NMBS/SNCB,IC,Hasselt -- Aarschot,,103,,,
138,NMBS/SNCB,IC,Lichtervelde -- Courtrai,,103,,,
139,NMBS/SNCB,IC,Bruges -- Knokke,,103,,,
14,NMBS/SNCB,BUS,Louvain -- Aarschot,,700,,,
140,NMBS/SNCB,IC,Schellebelle -- Denderleeuw,,103,,,
141,NMBS/SNCB,L,Anvers-Central -- Saint-Nicolas,,100,,,
142,NMBS/SNCB,L,Mons -- Quévy,,100,,,
143,NMBS/SNCB,IC,Anvers-Central -- Saint-Nicolas,,103,,,
144,NMBS/SNCB,IC,Brussels Airport-Zaventem -- Enghien,,103,,,
145,NMBS/SNCB,IC,Ostende -- Gand-Saint-Pierre,,103,,,
146,NMBS/SNCB,L,Bruxelles-Midi -- Louvain,,100,,,
147,NMBS/SNCB,L,Hal -- Louvain,,100,,,
148,NMBS/SNCB,L,Anvers-Central -- Malines,,100,,,
149,NMBS/SNCB,L,Audenarde -- Renaix,,100,,,
15,NMBS/SNCB,BUS,Hasselt -- Genk,,700,,,
150,NMBS/SNCB,IC,Liers -- Flémalle-Haute,,103,,,
151,NMBS/SNCB,IC,Liège-Guillemins -- Andenne,,103,,,
152,NMBS/SNCB,IC,Tamines -- Mons,,103,,,
153,NMBS/SNCB,IC,Tamines -- Mouscron,,103,,,
154,NMBS/SNCB,IC,Liège-Guillemins -- Namur,,103,,,
155,NMBS/SNCB,IC,Knokke -- Gand-Saint-Pierre,,103,,,
156,NMBS/SNCB,IC,Mons -- La Louvière-Sud,,103,,,
157,NMBS/SNCB,BUS,Lierre -- Aarschot,,700,,,
158,NMBS/SNCB,L,Malines -- Termonde,,100,,,
159,NMBS/SNCB,BUS,Lierre -- Louvain,,700,,,
16,NMBS/SNCB,BUS,Bruges -- Lichtervelde,,700,,,
160,NMBS/SNCB,BUS,Anvers-Central -- Aarschot,,700,,,
161,NMBS/SNCB,IC,Tongres -- Liège-Guillemins,,103,,,
162,NMBS/SNCB,IC,Tongres -- Herstal,,103,,,
163,NMBS/SNCB,IC,Hasselt -- Liège-Guillemins,,103,,,
164,NMBS/SNCB,IC,Charleroi-Sud -- Mons,,103,,,
165,NMBS/SNCB,IC,Charleroi-Sud -- Saint-Ghislain,,103,,,
166,NMBS/SNCB,IC,Jurbise -- Tournai,,103,,,
167,NMBS/SNCB,IC,Schaerbeek -- Tournai,,103,,,
168,NMBS/SNCB,IC,La Louvière-Sud -- Tournai,,103,,,
169,NMBS/SNCB,L,Louvain -- Aarschot,,100,,,
17,NMBS/SNCB,BUS,Hal -- Ath,,700,,,
170,NMBS/SNCB,L,Liers -- Flémalle-Haute,,100,,,
171,NMBS/SNCB,L,Liège-Guillemins -- Flémalle-Haute,,100,,,
172,NMBS/SNCB,IC,Liège-Guillemins -- Flémalle-Haute,,103,,,
173,NMBS/SNCB,IC,Genk -- Bruges,,103,,,
174,NMBS/SNCB,IC,Landen -- Bruges,,103,,,
175,NMBS/SNCB,IC,Hasselt -- Bruges,,103,,,
176,NMBS/SNCB,IC,Genk -- Blankenberge,,103,,,
177,NMBS/SNCB,IC,Landen -- Blankenberge,,103,,,
178,NMBS/SNCB,IC,Hasselt -- Blankenberge,,103,,,
179,NMBS/SNCB,IC,Bruges -- Blankenberge,,103,,,
18,NMBS/SNCB,BUS,Verviers-Central -- Spa-Geronstère,,700,,,
180,NMBS/SNCB,IC,Blankenberge -- Gand-Saint-Pierre,,103,,,
181,NMBS/SNCB,S6,Schaerbeek -- Grammont,,100,,,
182,NMBS/SNCB,S6,Bruxelles-Nord -- Grammont,,100,,,
183,NMBS/SNCB,S6,Schaerbeek -- Alost,,100,,,
184,NMBS/SNCB,S6,Schaerbeek -- Denderleeuw,,100,,,
185,NMBS/SNCB,S6,Hal -- Denderleeuw,,100,,,
186,NMBS/SNCB,S6,Hal -- Grammont,,100,,,
187,NMBS/SNCB,S6,Alost -- Grammont,,100,,,
188,NMBS/SNCB,S6,Grammont -- Denderleeuw,,100,,,
189,NMBS/SNCB,S6,Enghien -- Grammont,,100,,,
19,NMBS/SNCB,BUS,Hasselt -- Louvain,,700,,,
190,NMBS/SNCB,L,Audenarde -- Zottegem,,100,,,
191,NMBS/SNCB,S3,Termonde -- Zottegem,,100,,,
192,NMBS/SNCB,L,Zottegem -- Courtrai,,100,,,
193,NMBS/SNCB,L,Audenarde -- Courtrai,,100,,,
194,NMBS/SNCB,IC,Bruges -- Courtrai,,103,,,
195,NMBS/SNCB,IC,Ostende -- Courtrai,,103,,,
196,NMBS/SNCB,IC,Liège-Guillemins -- Mons,,103,,,
197,NMBS/SNCB,IC,Liège-Guillemins -- Quiévrain,,103,,,
198,NMBS/SNCB,IC,Bruxelles-Nord -- Ostende,,103,,,
199,NMBS/SNCB,IC,Mouscron -- Courtrai,,103,,,
2,NMBS/SNCB,L,Liège-Guillemins -- Namur,,100,,,
20,NMBS/SNCB,BUS,Gand-Saint-Pierre -- Lokeren,,700,,,
200,NMBS/SNCB,IC,Louvain -- Gand-Saint-Pierre,,103,,,
201,NMBS/SNCB,L,Malines -- Schellebelle,,100,,,
202,NMBS/SNCB,EXTRA,Ostende -- Courtrai,,103,,,
203,NMBS/SNCB,IC,Anvers-Central -- Noorderkempen (Brecht),,103,,,
204,NMBS/SNCB,IC,Namur -- Arlon,,103,,,
205,NMBS/SNCB,L,Zeebrugge-Dorp -- Gand-Saint-Pierre,,100,,,
206,NMBS/SNCB,IC,Anvers-Central -- Charleroi-Sud,,103,,,
207,NMBS/SNCB,EXTRA,Ottignies -- Charleroi-Sud,,103,,,
208,NMBS/SNCB,IC,Ans -- Mons,,103,,,
209,NMBS/SNCB,IC,Bruxelles-Midi -- Namur,,103,,,
21,NMBS/SNCB,BUS,Mons -- La Louvière-Sud,,700,,,
210,NMBS/SNCB,EXTRA,Mons -- Mouscron,,103,,,
211,NMBS/SNCB,L,Jambes -- Charleroi-Sud,,100,,,
212,NMBS/SNCB,L,Mariembourg -- Couvin,,100,,,
213,NMBS/SNCB,IC,Courtrai -- Poperinge,,103,,,
214,NMBS/SNCB,P,Mariembourg -- Couvin,,103,,,
215,NMBS/SNCB,L,Malines -- Waregem,,100,,,
216,NMBS/SNCB,IC,Liège-Guillemins -- Saint-Ghislain,,103,,,
217,NMBS/SNCB,IC,Schaerbeek -- Mons,,103,,,
218,NMBS/SNCB,S1,Bruxelles-Midi -- Anvers-Central,,100,,,
219,NMBS/SNCB,S1,Nivelles -- Anvers-Central,,100,,,
22,NMBS/SNCB,BUS,Saint-Ghislain -- Tournai,,700,,,
220,NMBS/SNCB,S1,Schaerbeek -- Nivelles,,100,,,
221,NMBS/SNCB,IC,Landen -- Liège-Guillemins,,103,,,
222,NMBS/SNCB,EXTRA,Landen -- Liège-Guillemins,,103,,,
223,NMBS/SNCB,IC,Anvers-Central -- Gand-Saint-Pierre,,103,,,
224,NMBS/SNCB,BUS,Bruxelles-Nord -- Denderleeuw,,700,,,
225,NMBS/SNCB,IC,Anvers-Central -- Ostende,,103,,,
226,NMBS/SNCB,IC,Ostende -- Saint-Nicolas,,103,,,
227,NMBS/SNCB,BUS,Bruxelles-Nord -- Alost,,700,,,
228,NMBS/SNCB,IC,Welkenraedt -- Gand-Saint-Pierre,,103,,,
229,NMBS/SNCB,S52,Gand-Saint-Pierre -- Grammont,,100,,,
23,NMBS/SNCB,BUS,Erquelinnes -- Charleroi-Sud,,700,,,
230,NMBS/SNCB,S51,Gand-Saint-Pierre -- Eeklo,,100,,,
231,NMBS/SNCB,BUS,Jette -- Bruxelles-Midi,,700,,,
232,NMBS/SNCB,IC,Bruxelles-Midi -- Brussels Airport-Zaventem,,103,,,
233,NMBS/SNCB,IC,Brussels Airport-Zaventem -- Tournai,,103,,,
234,NMBS/SNCB,IC,AULNOYE AYMERIES (F) -- Mons,,103,,,
235,NMBS/SNCB,S1,Anvers-Central -- Charleroi-Sud,,100,,,
236,NMBS/SNCB,S32,Anvers-Central -- Puurs,,100,,,
237,NMBS/SNCB,IC,Lille Flandres (FR) -- Anvers-Central,,103,,,
238,NMBS/SNCB,IC,Lille Flandres (FR) -- Courtrai,,103,,,
239,NMBS/SNCB,IC,Anvers-Central -- Mouscron,,103,,,
24,NMBS/SNCB,BUS,Puurs -- Saint-Nicolas,,700,,,
240,NMBS/SNCB,IC,Tournai -- Courtrai,,103,,,
241,NMBS/SNCB,S1,Bruxelles-Nord -- Nivelles,,100,,,
242,NMBS/SNCB,IC,MAUBEUGE (F) -- Namur,,103,,,
243,NMBS/SNCB,IC,Lille Flandres (FR) -- Tournai,,103,,,
244,NMBS/SNCB,IC,Lille Flandres (FR) -- Namur,,103,,,
245,NMBS/SNCB,IC,Bruxelles-Midi -- Anvers-Noorderdokken,,103,,,
246,NMBS/SNCB,IC,Anvers-Noorderdokken -- Charleroi-Sud,,103,,,
247,NMBS/SNCB,IC,Bruxelles-Nord -- Charleroi-Sud,,103,,,
248,NMBS/SNCB,S10,Bruxelles-Midi -- Alost,,100,,,
249,NMBS/SNCB,S10,Termonde -- Alost,,100,,,
25,NMBS/SNCB,BUS,Gand-Saint-Pierre -- Audenarde,,700,,,
250,NMBS/SNCB,IC,Luxembourg (LU) -- Namur,,103,,,
251,NMBS/SNCB,IC,Luxembourg (LU) -- Bruxelles-Midi,,103,,,
252,NMBS/SNCB,IC,Bruxelles-Midi -- Arlon,,103,,,
253,NMBS/SNCB,IC,Arlon -- Ostende,,103,,,
254,NMBS/SNCB,IC,Bruxelles-Midi -- Libramont,,103,,,
255,NMBS/SNCB,IC,Bruxelles-Midi -- Ciney,,103,,,
256,NMBS/SNCB,IC,Rochefort-Jemelle -- Ostende,,103,,,
257,NMBS/SNCB,IC,Luxembourg (LU) -- Libramont,,103,,,
258,NMBS/SNCB,IC,Rochefort-Jemelle -- Arlon,,103,,,
259,NMBS/SNCB,S4,Bruxelles-Luxembourg -- Alost,,100,,,
26,NMBS/SNCB,BUS,Gand-Saint-Pierre -- Renaix,,700,,,
260,NMBS/SNCB,S4,Vilvorde -- Alost,,100,,,
261,NMBS/SNCB,IC,Tongres -- Gand-Saint-Pierre,,103,,,
262,NMBS/SNCB,IC,Gand-Saint-Pierre -- Lokeren,,103,,,
263,NMBS/SNCB,IC,Bruxelles-Nord -- Gand-Saint-Pierre,,103,,,
264,NMBS/SNCB,IC,Schellebelle -- Lokeren,,103,,,
265,NMBS/SNCB,IC,Hasselt -- Gand-Saint-Pierre,,103,,,
266,NMBS/SNCB,P,Hasselt -- Genk,,103,,,
267,NMBS/SNCB,IC,Gand-Saint-Pierre -- Termonde,,103,,,
268,NMBS/SNCB,IC,Termonde -- Schellebelle,,103,,,
269,NMBS/SNCB,IC,Bruxelles-Nord -- Schellebelle,,103,,,
27,NMBS/SNCB,BUS,La Louvière- Centre -- Binche,,700,,,
270,NMBS/SNCB,IC,Termonde -- Lokeren,,103,,,
271,NMBS/SNCB,S3,Audenarde -- Termonde,,100,,,
272,NMBS/SNCB,S3,Bruxelles-Nord -- Audenarde,,100,,,
273,NMBS/SNCB,IC,Brussels Airport-Zaventem -- Courtrai,,103,,,
274,NMBS/SNCB,IC,Brussels Airport-Zaventem -- Ostende,,103,,,
275,NMBS/SNCB,IC,Brussels Airport-Zaventem -- Lichtervelde,,103,,,
276,NMBS/SNCB,IC,Brussels Airport-Zaventem -- Gand-Saint-Pierre,,103,,,
277,NMBS/SNCB,IC,Liège-Saint-Lambert -- Namur,,103,,,
278,NMBS/SNCB,IC,Statte -- Namur,,103,,,
279,NMBS/SNCB,IC,Bruxelles-Midi -- Liège-Saint-Lambert,,103,,,
28,NMBS/SNCB,BUS,La Louvière-Sud -- Binche,,700,,,
280,NMBS/SNCB,IC,Bruxelles-Midi -- Statte,,103,,,
281,NMBS/SNCB,IC,Liège-Saint-Lambert -- Tournai,,103,,,
282,NMBS/SNCB,IC,Liège-Guillemins -- Tournai,,103,,,
283,NMBS/SNCB,IC,Bruxelles-Midi -- Liège-Guillemins,,103,,,
284,NMBS/SNCB,IC,Liège-Guillemins -- Ostende,,103,,,
285,NMBS/SNCB,IC,Statte -- Tournai,,103,,,
286,NMBS/SNCB,L,Hasselt -- Louvain,,100,,,
287,NMBS/SNCB,IC,Brussels Airport-Zaventem -- Dinant,,103,,,
288,NMBS/SNCB,IC,Bruxelles-Midi -- Dinant,,103,,,
289,NMBS/SNCB,IC,Gembloux -- Dinant,,103,,,
29,NMBS/SNCB,BUS,Zottegem -- Burst,,700,,,
290,NMBS/SNCB,IC,Gembloux -- Namur,,103,,,
291,NMBS/SNCB,S32,Roosendaal (NL) -- Anvers-Central,,100,,,
292,NMBS/SNCB,S32,Essen -- Boom,,100,,,
293,NMBS/SNCB,S32,Essen -- Puurs,,100,,,
294,NMBS/SNCB,S32,Roosendaal (NL) -- Saint-Nicolas,,100,,,
295,NMBS/SNCB,S32,Essen -- Saint-Nicolas,,100,,,
296,NMBS/SNCB,S32,Roosendaal (NL) -- Puurs,,100,,,
297,NMBS/SNCB,IC,Anvers-Central -- Louvain,,103,,,
298,NMBS/SNCB,IC,Anvers-Central -- Hasselt,,103,,,
299,NMBS/SNCB,IC,Anvers-Central -- Tongres,,103,,,
3,NMBS/SNCB,IC,Luxembourg (LU) -- Liers,,103,,,
30,NMBS/SNCB,BUS,Gand-Saint-Pierre -- Schellebelle,,700,,,
300,NMBS/SNCB,IC,Malines -- Louvain,,103,,,
301,NMBS/SNCB,IC,Brussels Airport-Zaventem -- Louvain,,103,,,
302,NMBS/SNCB,S34,Anvers-Central -- Termonde,,100,,,
303,NMBS/SNCB,S34,Anvers-Central -- Lokeren,,100,,,
304,NMBS/SNCB,S34,Anvers-Central -- Saint-Nicolas,,100,,,
305,NMBS/SNCB,L,Louvain -- Saint-Nicolas,,100,,,
306,NMBS/SNCB,L,Puurs -- Saint-Nicolas,,100,,,
307,NMBS/SNCB,L,Malines -- Saint-Nicolas,,100,,,
308,NMBS/SNCB,L,Malines -- Puurs,,100,,,
309,NMBS/SNCB,IC,Brussels Airport-Zaventem -- Bruges,,103,,,
31,NMBS/SNCB,BUS,Liège-Guillemins -- Rivage,,700,,,
310,NMBS/SNCB,IC,Brussels Airport-Zaventem -- Knokke,,103,,,
311,NMBS/SNCB,L,Anvers-Central -- Louvain,,100,,,
312,NMBS/SNCB,IC,Anvers-Central -- Liège-Guillemins,,103,,,
313,NMBS/SNCB,IC,Anvers-Central -- Herstal,,103,,,
314,NMBS/SNCB,S33,Anvers-Central -- Mol,,100,,,
315,NMBS/SNCB,IC,Gand-Saint-Pierre -- La Panne,,103,,,
316,NMBS/SNCB,IC,Anvers-Central -- La Panne,,103,,,
317,NMBS/SNCB,S20,Ottignies -- Louvain,,100,,,
318,NMBS/SNCB,IC,Schaerbeek -- Charleroi-Sud,,103,,,
319,NMBS/SNCB,L,Hasselt -- Herstal,,100,,,
32,NMBS/SNCB,BUS,Liège-Guillemins -- Trois-Ponts,,700,,,
320,NMBS/SNCB,L,Tongres -- Herstal,,100,,,
321,NMBS/SNCB,IC,Tournai -- Saint-Nicolas,,103,,,
322,NMBS/SNCB,IC,Mouscron -- Saint-Nicolas,,103,,,
323,NMBS/SNCB,IC,Saint-Nicolas -- Courtrai,,103,,,
324,NMBS/SNCB,IC,Termonde -- Courtrai,,103,,,
325,NMBS/SNCB,IC,Schaerbeek -- Enghien,,103,,,
326,NMBS/SNCB,IC,Ath -- Courtrai,,103,,,
327,NMBS/SNCB,IC,Ath -- Saint-Nicolas,,103,,,
328,NMBS/SNCB,S9,Braine-L'Alleud -- Louvain,,100,,,
329,NMBS/SNCB,S9,Braine-L'Alleud -- Landen,,100,,,
33,NMBS/SNCB,BUS,Grammont -- Denderleeuw,,700,,,
330,NMBS/SNCB,IC,Bruxelles-Midi -- Essen,,103,,,
331,NMBS/SNCB,S5,Malines -- Enghien,,100,,,
332,NMBS/SNCB,S5,Malines -- Grammont,,100,,,
333,NMBS/SNCB,S5,Hal -- Malines,,100,,,
334,NMBS/SNCB,S5,Vilvorde -- Hal,,100,,,
335,NMBS/SNCB,S5,Louvain -- Enghien,,100,,,
336,NMBS/SNCB,S5,Schaerbeek -- Bruxelles-Luxembourg,,100,,,
337,NMBS/SNCB,P,Grammont -- Denderleeuw,,103,,,
338,NMBS/SNCB,S5,Bruxelles-Luxembourg -- Malines,,100,,,
339,NMBS/SNCB,IC,Schaerbeek -- Binche,,103,,,
34,NMBS/SNCB,BUS,Gand-Saint-Pierre -- Termonde,,700,,,
340,NMBS/SNCB,IC,Turnhout -- Binche,,103,,,
341,NMBS/SNCB,IC,Schaerbeek -- La Louvière-Sud,,103,,,
342,NMBS/SNCB,IC,Schaerbeek -- Manage,,103,,,
343,NMBS/SNCB,IC,Binche -- Braine-Le-Comte,,103,,,
344,NMBS/SNCB,IC,La Louvière- Centre -- Braine-Le-Comte,,103,,,
345,NMBS/SNCB,IC,Turnhout -- La Louvière-Sud,,103,,,
346,NMBS/SNCB,IC,La Louvière-Sud -- Braine-Le-Comte,,103,,,
347,NMBS/SNCB,IC,Turnhout -- Manage,,103,,,
348,NMBS/SNCB,S7,Hal -- Malines,,100,,,
349,NMBS/SNCB,S5,Bruxelles-Luxembourg -- Enghien,,100,,,
35,NMBS/SNCB,BUS,Malines -- Willebroek,,700,,,
350,NMBS/SNCB,IC,Bruxelles-Midi -- Landen,,103,,,
351,NMBS/SNCB,IC,Landen -- Gand-Saint-Pierre,,103,,,
352,NMBS/SNCB,IC,Louvain -- Landen,,103,,,
353,NMBS/SNCB,IC,Landen -- La Panne,,103,,,
354,NMBS/SNCB,IC,Louvain -- La Panne,,103,,,
355,NMBS/SNCB,S2,Louvain -- Braine-Le-Comte,,100,,,
356,NMBS/SNCB,IC,Brussels Airport-Zaventem -- Mons,,103,,,
357,NMBS/SNCB,IC,Brussels Airport-Zaventem -- Braine-Le-Comte,,103,,,
358,NMBS/SNCB,IC,Brussels Airport-Zaventem -- Quévy,,103,,,
359,NMBS/SNCB,IC,Mons -- Braine-Le-Comte,,103,,,
36,NMBS/SNCB,BUS,Malines -- Saint-Nicolas,,700,,,
360,NMBS/SNCB,S2,Bruxelles-Midi -- Louvain,,100,,,
361,NMBS/SNCB,S2,Schaerbeek -- Hal,,100,,,
362,NMBS/SNCB,IC,Liège-Saint-Lambert -- Mons,,103,,,
363,NMBS/SNCB,IC,Liers -- Namur,,103,,,
364,NMBS/SNCB,IC,Statte -- Mons,,103,,,
365,NMBS/SNCB,IC,Liers -- Mons,,103,,,
366,NMBS/SNCB,IC,Statte -- Tamines,,103,,,
367,NMBS/SNCB,IC,Namur -- Charleroi-Sud,,103,,,
368,NMBS/SNCB,IC,Liers -- Mouscron,,103,,,
369,NMBS/SNCB,IC,Statte -- Mouscron,,103,,,
37,NMBS/SNCB,BUS,Hal -- Braine-Le-Comte,,700,,,
370,NMBS/SNCB,IC,Liers -- Charleroi-Sud,,103,,,
371,NMBS/SNCB,IC,Liège-Guillemins -- Mouscron,,103,,,
372,NMBS/SNCB,IC,Namur -- Mons,,103,,,
373,NMBS/SNCB,IC,Namur -- Mouscron,,103,,,
374,NMBS/SNCB,IC,Statte -- Charleroi-Sud,,103,,,
375,NMBS/SNCB,IC,Liège-Saint-Lambert -- Charleroi-Sud,,103,,,
376,NMBS/SNCB,S10,Bruxelles-Midi -- Termonde,,100,,,
377,NMBS/SNCB,S64,Charleroi-Sud -- Couvin,,100,,,
378,NMBS/SNCB,S8,Louvain-La-Neuve -- Bruxelles-Midi,,100,,,
379,NMBS/SNCB,S8,Bruxelles-Midi -- Namur,,100,,,
38,NMBS/SNCB,BUS,Namur -- Tamines,,700,,,
380,NMBS/SNCB,S8,Ottignies -- Bruxelles-Midi,,100,,,
381,NMBS/SNCB,S8,Ottignies -- Louvain-La-Neuve,,100,,,
382,NMBS/SNCB,L,Ottignies -- Namur,,100,,,
383,NMBS/SNCB,IC,Bruxelles-Luxembourg -- Louvain,,103,,,
384,NMBS/SNCB,IC,Braine-L'Alleud -- Louvain,,103,,,
385,NMBS/SNCB,IC,Brussels Airport-Zaventem -- Charleroi-Sud,,103,,,
386,NMBS/SNCB,IC,Bruxelles-Luxembourg -- Charleroi-Sud,,103,,,
387,NMBS/SNCB,IC,Louvain -- Courtrai,,103,,,
388,NMBS/SNCB,IC,Welkenraedt -- Courtrai,,103,,,
389,NMBS/SNCB,L,Jurbise -- Braine-Le-Comte,,100,,,
39,NMBS/SNCB,BUS,Bruges -- Gand-Saint-Pierre,,700,,,
390,NMBS/SNCB,IC,Louvain -- Ostende,,103,,,
391,NMBS/SNCB,IC,Louvain -- Termonde,,103,,,
392,NMBS/SNCB,P,Bruges -- Gand-Saint-Pierre,,103,,,
393,NMBS/SNCB,S61,Jambes -- Charleroi-Sud,,100,,,
394,NMBS/SNCB,S61,Charleroi-Sud -- Tamines,,100,,,
395,NMBS/SNCB,S61,Ottignies -- Tamines,,100,,,
396,NMBS/SNCB,IC,Schaerbeek -- Courtrai,,103,,,
397,NMBS/SNCB,IC,Anvers-Central -- Turnhout,,103,,,
398,NMBS/SNCB,IC,Anvers-Central -- Lierre,,103,,,
399,NMBS/SNCB,IC,Gand-Saint-Pierre -- Courtrai,,103,,,
4,NMBS/SNCB,IC,Troisvierges (LU) -- Liers,,103,,,
40,NMBS/SNCB,BUS,Braine-Le-Comte -- Soignies,,700,,,
400,NMBS/SNCB,S62,Luttre -- La Louvière-Sud,,100,,,
401,NMBS/SNCB,S62,Luttre -- Charleroi-Sud,,100,,,
402,NMBS/SNCB,S62,Charleroi-Sud -- La Louvière- Centre,,100,,,
403,NMBS/SNCB,S62,Charleroi-Sud -- La Louvière-Sud,,100,,,
404,NMBS/SNCB,IC,Anvers-Central -- Mol,,103,,,
405,NMBS/SNCB,IC,Anvers-Central -- Hamont,,103,,,
406,NMBS/SNCB,IC,Anvers-Central -- Neerpelt,,103,,,
407,NMBS/SNCB,L,Binche -- Braine-Le-Comte,,100,,,
408,NMBS/SNCB,L,La Louvière-Sud -- Braine-Le-Comte,,100,,,
409,NMBS/SNCB,L,Charleroi-Sud -- La Louvière- Centre,,100,,,
41,NMBS/SNCB,BUS,Rochefort-Jemelle -- Libramont,,700,,,
410,NMBS/SNCB,L,Luttre -- La Louvière- Centre,,100,,,
411,NMBS/SNCB,IC,Welkenraedt -- Ostende,,103,,,
412,NMBS/SNCB,IC,Hasselt -- Mol,,103,,,
413,NMBS/SNCB,L,Mons -- La Louvière-Sud,,100,,,
414,NMBS/SNCB,L,Charleroi-Sud -- Mons,,100,,,
415,NMBS/SNCB,IC,Essen -- Charleroi-Sud,,103,,,
416,NMBS/SNCB,S32,Anvers-Central -- Essen,,100,,,
417,NMBS/SNCB,S61,Namur -- Charleroi-Sud,,100,,,
418,NMBS/SNCB,S61,Ottignies -- Jambes,,100,,,
419,NMBS/SNCB,S61,Namur -- Tamines,,100,,,
42,NMBS/SNCB,BUS,Gembloux -- Namur,,700,,,
420,NMBS/SNCB,S61,Ottignies -- Namur,,100,,,
421,NMBS/SNCB,S61,Wavre -- Jambes,,100,,,
422,NMBS/SNCB,S61,Ottignies -- Charleroi-Sud,,100,,,
423,NMBS/SNCB,S61,Wavre -- Namur,,100,,,
424,NMBS/SNCB,S61,Basse-Wavre -- Jambes,,100,,,
425,NMBS/SNCB,IC,Luxembourg (LU) -- Arlon,,103,,,
426,NMBS/SNCB,L,Mons -- Tournai,,100,,,
427,NMBS/SNCB,L,Quévy -- Tournai,,100,,,
428,NMBS/SNCB,L,Quévy -- Mouscron,,100,,,
429,NMBS/SNCB,L,Mons -- Quiévrain,,100,,,
43,NMBS/SNCB,BUS,Mol -- Hamont,,700,,,
430,NMBS/SNCB,L,Mons -- Mouscron,,100,,,
431,NMBS/SNCB,L,Luxembourg (LU) -- Athus,,100,,,
432,NMBS/SNCB,S63,Erquelinnes -- Charleroi-Sud,,100,,,
433,NMBS/SNCB,IC,Mol -- Hamont,,103,,,
434,NMBS/SNCB,L,Mons -- Grammont,,100,,,
435,NMBS/SNCB,L,Ath -- Grammont,,100,,,
436,NMBS/SNCB,L,Liège-Guillemins -- Huy,,100,,,
437,NMBS/SNCB,L,Liège-Guillemins -- Andenne,,100,,,
438,NMBS/SNCB,L,Statte -- Namur,,100,,,
439,NMBS/SNCB,L,Aachen Hbf (DE) -- Welkenraedt,,100,,,
44,NMBS/SNCB,BUS,Hasselt -- Zonhoven,,700,,,
440,NMBS/SNCB,L,Aachen Hbf (DE) -- Spa-Geronstère,,100,,,
441,NMBS/SNCB,L,Spa-Geronstère -- Welkenraedt,,100,,,
442,NMBS/SNCB,L,Verviers-Central -- Welkenraedt,,100,,,
443,NMBS/SNCB,L,Aachen Hbf (DE) -- Verviers-Central,,100,,,
444,NMBS/SNCB,IC,Welkenraedt -- Eupen,,103,,,
445,NMBS/SNCB,IC,Eupen -- Ostende,,103,,,
446,NMBS/SNCB,L,PETANGE -- Athus,,100,,,
447,NMBS/SNCB,S44,Waremme -- Flémalle-Haute,,100,,,
448,NMBS/SNCB,S44,Landen -- Liège-Guillemins,,100,,,
449,NMBS/SNCB,S44,Liège-Guillemins -- Waremme,,100,,,
45,NMBS/SNCB,BUS,Marloie -- Libramont,,700,,,
450,NMBS/SNCB,IC,Landen -- Ostende,,103,,,
451,NMBS/SNCB,S41,Herstal -- Verviers-Central,,100,,,
452,NMBS/SNCB,S41,Liège-Guillemins -- Verviers-Central,,100,,,
453,NMBS/SNCB,S43,Maastricht (NL) -- Liège-Guillemins,,100,,,
454,NMBS/SNCB,S43,Maastricht (NL) -- Hasselt,,100,,,
455,NMBS/SNCB,S43,Liège-Guillemins -- Visé,,100,,,
456,NMBS/SNCB,S43,Hasselt -- Visé,,100,,,
457,NMBS/SNCB,S43,Hasselt -- Tongres,,100,,,
458,NMBS/SNCB,S42,Liers -- Flémalle-Haute,,100,,,
459,NMBS/SNCB,S42,Liège-Guillemins -- Flémalle-Haute,,100,,,
46,NMBS/SNCB,BUS,Mol -- Neerpelt,,700,,,
460,NMBS/SNCB,L,Malines -- Gand-Saint-Pierre,,100,,,
461,NMBS/SNCB,L,Malines -- Bruges,,100,,,
462,NMBS/SNCB,L,Liers -- Marloie,,100,,,
463,NMBS/SNCB,L,Bruges -- Gand-Saint-Pierre,,100,,,
464,NMBS/SNCB,L,Liers -- Rochefort-Jemelle,,100,,,
465,NMBS/SNCB,L,Malines -- Zeebrugge-Dorp,,100,,,
466,NMBS/SNCB,L,Malines -- Zeebrugge-Strand,,100,,,
467,NMBS/SNCB,L,Rivage -- Rochefort-Jemelle,,100,,,
468,NMBS/SNCB,L,Zeebrugge-Strand -- Gand-Saint-Pierre,,100,,,
469,NMBS/SNCB,L,Liège-Guillemins -- Marloie,,100,,,
47,NMBS/SNCB,BUS,Luttre -- Charleroi-Sud,,700,,,
470,NMBS/SNCB,L,Namur -- Ciney,,100,,,
471,NMBS/SNCB,L,Zeebrugge-Dorp -- Termonde,,100,,,
472,NMBS/SNCB,L,Zeebrugge-Strand -- Termonde,,100,,,
473,NMBS/SNCB,L,Luxembourg (LU) -- Arlon,,100,,,
474,NMBS/SNCB,L,Libramont -- Arlon,,100,,,
475,NMBS/SNCB,L,Libramont -- Virton,,100,,,
476,NMBS/SNCB,L,Libramont -- Bertrix,,100,,,
477,NMBS/SNCB,L,Namur -- Libramont,,100,,,
478,NMBS/SNCB,L,Houyet -- Libramont,,100,,,
479,NMBS/SNCB,L,Namur -- Bertrix,,100,,,
48,NMBS/SNCB,BUS,Ottignies -- Louvain,,700,,,
480,NMBS/SNCB,L,Houyet -- Bertrix,,100,,,
481,NMBS/SNCB,L,Rochefort-Jemelle -- Libramont,,100,,,
482,NMBS/SNCB,L,Ciney -- Libramont,,100,,,
483,NMBS/SNCB,L,Rochefort-Jemelle -- Ciney,,100,,,
484,NMBS/SNCB,BUS,Libramont -- Bastogne-Nord,,700,,,
485,NMBS/SNCB,S20,Ottignies -- Wavre,,100,,,
486,NMBS/SNCB,S53,Gand-Saint-Pierre -- Lokeren,,100,,,
487,NMBS/SNCB,S53,Anvers-Central -- Gand-Saint-Pierre,,100,,,
488,NMBS/SNCB,S6,Bruxelles-Midi -- Grammont,,100,,,
489,NMBS/SNCB,ICT,Bruges -- Knokke,,103,,,
49,NMBS/SNCB,BUS,Mons -- Braine-Le-Comte,,700,,,
490,NMBS/SNCB,ICT,Charleroi-Sud -- Blankenberge,,103,,,
491,NMBS/SNCB,ICT,Anvers-Central -- Blankenberge,,103,,,
492,NMBS/SNCB,ICT,Turnhout -- Blankenberge,,103,,,
493,NMBS/SNCB,ICT,Neerpelt -- Blankenberge,,103,,,
494,NMBS/SNCB,S53,Gand-Saint-Pierre -- Melsele,,100,,,
495,NMBS/SNCB,ICT,Mol -- Blankenberge,,103,,,
496,NMBS/SNCB,ICT,Tongres -- Ostende,,103,,,
497,NMBS/SNCB,ICT,Bruxelles-Nord -- La Panne,,103,,,
498,NMBS/SNCB,ICT,Schaerbeek -- Cambron-Casteau,,103,,,
499,NMBS/SNCB,ICT,Ottignies -- Louvain,,103,,,
5,NMBS/SNCB,IC,Luxembourg (LU) -- Trois-Ponts,,103,,,
50,NMBS/SNCB,BUS,Namur -- Andenne,,700,,,
500,NMBS/SNCB,S53,Anvers-Central -- Lokeren,,100,,,
501,NMBS/SNCB,ICT,Liège-Guillemins -- Rochefort-Jemelle,,103,,,
502,NMBS/SNCB,ICT,Wavre -- Charleroi-Sud,,103,,,
503,NMBS/SNCB,ICT,Ottignies -- Wavre,,103,,,
504,NMBS/SNCB,ICT,Wavre -- Bruxelles-Midi,,103,,,
505,NMBS/SNCB,ICT,Dinant -- Houyet,,103,,,
506,NMBS/SNCB,P,Schaerbeek -- Ostende,,103,,,
507,NMBS/SNCB,P,Schaerbeek -- La Panne,,103,,,
508,NMBS/SNCB,P,Schaerbeek -- Poperinge,,103,,,
509,NMBS/SNCB,P,Gand-Saint-Pierre -- Alost,,103,,,
51,NMBS/SNCB,BUS,Flémalle-Haute -- Statte,,700,,,
510,NMBS/SNCB,P,Schaerbeek -- Gand-Saint-Pierre,,103,,,
511,NMBS/SNCB,P,Schaerbeek -- Saint-Nicolas,,103,,,
512,NMBS/SNCB,IC,Anvers-Central -- Poperinge,,103,,,
513,NMBS/SNCB,P,Bruges -- Zeebrugge-Dorp,,103,,,
514,NMBS/SNCB,P,Bruges -- Knokke,,103,,,
515,NMBS/SNCB,P,Bruges -- Blankenberge,,103,,,
516,NMBS/SNCB,P,Courtrai -- Poperinge,,103,,,
517,NMBS/SNCB,P,Malines -- Saint-Nicolas,,103,,,
518,NMBS/SNCB,P,Louvain -- Saint-Nicolas,,103,,,
519,NMBS/SNCB,P,Malines -- Termonde,,103,,,
52,NMBS/SNCB,BUS,Hasselt -- Bourg-Léopold,,700,,,
520,NMBS/SNCB,S3,Bruxelles-Midi -- Termonde,,100,,,
521,NMBS/SNCB,P,Louvain -- Termonde,,103,,,
522,NMBS/SNCB,BUS,Bruges -- Aalter,,700,,,
523,NMBS/SNCB,BUS,Aalter -- Gand-Saint-Pierre,,700,,,
524,NMBS/SNCB,IC,Lokeren -- Poperinge,,103,,,
525,NMBS/SNCB,P,Bruxelles-Midi -- Mol,,103,,,
526,NMBS/SNCB,P,Anvers-Central -- Hasselt,,103,,,
527,NMBS/SNCB,IC,Anvers-Central -- Courtrai,,103,,,
528,NMBS/SNCB,P,Anvers-Central -- Noorderkempen (Brecht),,103,,,
529,NMBS/SNCB,P,Brussels Airport-Zaventem -- Noorderkempen (Brecht),,103,,,
53,NMBS/SNCB,BUS,Liège-Guillemins -- Statte,,700,,,
530,NMBS/SNCB,IC,Lokeren -- Courtrai,,103,,,
531,NMBS/SNCB,S33,Anvers-Central -- Herentals,,100,,,
532,NMBS/SNCB,P,Lierre -- Herentals,,103,,,
533,NMBS/SNCB,P,Anvers-Central -- Aarschot,,103,,,
534,NMBS/SNCB,P,Anvers-Central -- Louvain,,103,,,
535,NMBS/SNCB,P,Bruxelles-Midi -- Landen,,103,,,
536,NMBS/SNCB,P,Bruxelles-Midi -- Genk,,103,,,
537,NMBS/SNCB,P,Bruxelles-Midi -- Tongres,,103,,,
538,NMBS/SNCB,P,Hasselt -- Tongres,,103,,,
539,NMBS/SNCB,P,Genk -- Louvain,,103,,,
54,NMBS/SNCB,BUS,Gand-Saint-Pierre -- Courtrai,,700,,,
540,NMBS/SNCB,P,Hasselt -- Louvain,,103,,,
541,NMBS/SNCB,P,Malines -- Hasselt,,103,,,
542,NMBS/SNCB,P,Louvain -- Gand-Saint-Pierre,,103,,,
543,NMBS/SNCB,P,Malines -- Louvain,,103,,,
544,NMBS/SNCB,P,Bruxelles-Midi -- Liège-Guillemins,,103,,,
545,NMBS/SNCB,P,Bruxelles-Midi -- Visé,,103,,,
546,NMBS/SNCB,P,Visé -- Braine-Le-Comte,,103,,,
547,NMBS/SNCB,P,Liège-Guillemins -- Verviers-Central,,103,,,
548,NMBS/SNCB,S41,Liège-Saint-Lambert -- Welkenraedt,,100,,,
549,NMBS/SNCB,P,Liège-Guillemins -- Statte,,103,,,
55,NMBS/SNCB,BUS,Melsele -- Zwijndrecht,,700,,,
550,NMBS/SNCB,P,Gouvy -- Trois-Ponts,,103,,,
551,NMBS/SNCB,P,Liège-Guillemins -- Gouvy,,103,,,
552,NMBS/SNCB,P,Herstal -- Gouvy,,103,,,
553,NMBS/SNCB,P,Herstal -- Trois-Ponts,,103,,,
554,NMBS/SNCB,P,Huy -- Namur,,103,,,
555,NMBS/SNCB,P,Liège-Saint-Lambert -- Bomal,,103,,,
556,NMBS/SNCB,P,Verviers-Central -- Pepinster,,103,,,
557,NMBS/SNCB,P,Verviers-Central -- Spa-Geronstère,,103,,,
558,NMBS/SNCB,P,Tournai -- Mouscron,,103,,,
559,NMBS/SNCB,P,Schaerbeek -- Mouscron,,103,,,
56,NMBS/SNCB,BUS,Hal -- Grammont,,700,,,
560,NMBS/SNCB,P,Mons -- Tournai,,103,,,
561,NMBS/SNCB,BUS,Liège-Guillemins -- Verviers-Central,,700,,,
562,NMBS/SNCB,BUS,Liège-Guillemins -- Pepinster,,700,,,
563,NMBS/SNCB,S51,Renaix -- Eeklo,,100,,,
564,NMBS/SNCB,S51,Gand-Dampoort -- Eeklo,,100,,,
565,NMBS/SNCB,P,Mons -- Ath,,103,,,
566,NMBS/SNCB,P,Jurbise -- Ath,,103,,,
567,NMBS/SNCB,P,Ath -- Grammont,,103,,,
568,NMBS/SNCB,P,Bruxelles-Midi -- Rochefort-Jemelle,,103,,,
569,NMBS/SNCB,P,Bruxelles-Midi -- Namur,,103,,,
57,NMBS/SNCB,BUS,Louvain -- Landen,,700,,,
570,NMBS/SNCB,P,Luxembourg (LU) -- Namur,,103,,,
571,NMBS/SNCB,P,Luxembourg (LU) -- Gouvy,,103,,,
572,NMBS/SNCB,P,Troisvierges (LU) -- Gouvy,,103,,,
573,NMBS/SNCB,P,Ettelbruck(LU) -- Gouvy,,103,,,
574,NMBS/SNCB,P,Rochefort-Jemelle -- Ciney,,103,,,
575,NMBS/SNCB,P,Luxembourg (LU) -- Bruxelles-Midi,,103,,,
576,NMBS/SNCB,P,Bruxelles-Midi -- Arlon,,103,,,
577,NMBS/SNCB,P,Ottignies -- Gembloux,,103,,,
578,NMBS/SNCB,S81,Schaerbeek -- Ottignies,,100,,,
579,NMBS/SNCB,P,Gembloux -- Namur,,103,,,
58,NMBS/SNCB,BUS,Tongres -- Liège-Guillemins,,700,,,
580,NMBS/SNCB,P,Ottignies -- Namur,,103,,,
581,NMBS/SNCB,P,Luxembourg (LU) -- Arlon,,103,,,
582,NMBS/SNCB,S81,Schaerbeek -- Louvain-La-Neuve,,100,,,
583,NMBS/SNCB,P,Namur -- Dinant,,103,,,
584,NMBS/SNCB,P,Arlon -- Virton,,103,,,
585,NMBS/SNCB,P,Luxembourg (LU) -- Virton,,103,,,
586,NMBS/SNCB,P,Namur -- Ciney,,103,,,
587,NMBS/SNCB,P,Rochefort-Jemelle -- Libramont,,103,,,
588,NMBS/SNCB,P,Liège-Saint-Lambert -- Rochefort-Jemelle,,103,,,
589,NMBS/SNCB,P,Liège-Guillemins -- Marloie,,103,,,
59,NMBS/SNCB,IC,Hasselt -- Genk,,103,,,
590,NMBS/SNCB,P,Libramont -- Bertrix,,103,,,
591,NMBS/SNCB,P,Dinant -- Bertrix,,103,,,
592,NMBS/SNCB,P,Namur -- Bertrix,,103,,,
593,NMBS/SNCB,P,Libramont -- Arlon,,103,,,
594,NMBS/SNCB,P,Libramont -- Gedinne,,103,,,
595,NMBS/SNCB,P,Libramont -- Virton,,103,,,
596,NMBS/SNCB,P,Gembloux -- Tamines,,103,,,
597,NMBS/SNCB,P,Gembloux -- Jemeppe-sur-Sambre,,103,,,
598,NMBS/SNCB,S51,Gand-Saint-Pierre -- Renaix,,100,,,
599,NMBS/SNCB,P,Charleroi-Sud -- Couvin,,103,,,
6,NMBS/SNCB,IC,Liers -- Gouvy,,103,,,
60,NMBS/SNCB,BUS,Liège-Guillemins -- Welkenraedt,,700,,,
600,NMBS/SNCB,P,Charleroi-Sud -- Walcourt,,103,,,
601,NMBS/SNCB,P,Schaerbeek -- Jemeppe-sur-Sambre,,103,,,
602,NMBS/SNCB,P,Schaerbeek -- Châtelet,,103,,,
603,NMBS/SNCB,P,Manage -- Braine-Le-Comte,,103,,,
604,NMBS/SNCB,P,Schaerbeek -- Binche,,103,,,
605,NMBS/SNCB,S62,Luttre -- Manage,,100,,,
606,NMBS/SNCB,P,Mons -- La Louvière-Sud,,103,,,
607,NMBS/SNCB,P,Mons -- Quévy,,103,,,
608,NMBS/SNCB,P,Quévy -- Manage,,103,,,
609,NMBS/SNCB,P,Luttre -- Charleroi-Sud,,103,,,
61,NMBS/SNCB,BUS,Hasselt -- Landen,,700,,,
610,NMBS/SNCB,P,Schaerbeek -- Quiévrain,,103,,,
611,NMBS/SNCB,P,Schaerbeek -- Mons,,103,,,
612,NMBS/SNCB,P,Schaerbeek -- Quévy,,103,,,
613,NMBS/SNCB,P,Saint-Ghislain -- Quiévrain,,103,,,
614,NMBS/SNCB,P,Mons -- Saint-Ghislain,,103,,,
615,NMBS/SNCB,P,Schaerbeek -- Courtrai,,103,,,
616,NMBS/SNCB,S51,Audenarde -- Eeklo,,100,,,
617,NMBS/SNCB,P,Schaerbeek -- Audenarde,,103,,,
618,NMBS/SNCB,S3,Schaerbeek -- Zottegem,,100,,,
619,NMBS/SNCB,P,Bruxelles-Midi -- Courtrai,,103,,,
62,NMBS/SNCB,BUS,Deinze -- Courtrai,,700,,,
620,NMBS/SNCB,P,Zottegem -- Courtrai,,103,,,
621,NMBS/SNCB,P,Denderleeuw -- Courtrai,,103,,,
622,NMBS/SNCB,P,Audenarde -- Grammont,,103,,,
623,NMBS/SNCB,P,Renaix -- Grammont,,103,,,
624,NMBS/SNCB,P,Gand-Saint-Pierre -- Grammont,,103,,,
625,NMBS/SNCB,S52,Zottegem -- Grammont,,100,,,
626,NMBS/SNCB,BUS,Lille Flandres (FR) -- Mouscron,,700,,,
627,NMBS/SNCB,P,Alost -- Burst,,103,,,
628,NMBS/SNCB,P,Courtrai -- Roulers,,103,,,
629,NMBS/SNCB,P,Gand-Saint-Pierre -- Courtrai,,103,,,
63,NMBS/SNCB,BUS,Enghien -- Grammont,,700,,,
630,NMBS/SNCB,P,Bruges -- Courtrai,,103,,,
631,NMBS/SNCB,P,Gand-Saint-Pierre -- La Panne,,103,,,
632,NMBS/SNCB,P,Louvain -- La Panne,,103,,,
633,NMBS/SNCB,P,Gand-Saint-Pierre -- Termonde,,103,,,
634,NMBS/SNCB,P,Mol -- Hamont,,103,,,
635,NMBS/SNCB,P,Mol -- Heverlee,,103,,,
636,NMBS/SNCB,P,Hamont -- Heverlee,,103,,,
637,NMBS/SNCB,P,Essen -- Heverlee,,103,,,
638,NMBS/SNCB,P,Essen -- Sint-Joris-Weert,,103,,,
639,NMBS/SNCB,P,Tongres -- Louvain,,103,,,
64,NMBS/SNCB,BUS,Braine-Le-Comte -- Enghien,,700,,,
640,NMBS/SNCB,S33,Lierre -- Herentals,,100,,,
641,NMBS/SNCB,P,Hasselt -- Gand-Saint-Pierre,,103,,,
642,NMBS/SNCB,P,Tongres -- Gand-Saint-Pierre,,103,,,
643,NMBS/SNCB,P,Bruxelles-Midi -- Hasselt,,103,,,
644,NMBS/SNCB,S41,Liège-Saint-Lambert -- Eupen,,100,,,
645,NMBS/SNCB,P,Liège-Guillemins -- Huy,,103,,,
646,NMBS/SNCB,P,Liège-Guillemins -- Namur,,103,,,
647,NMBS/SNCB,P,Liège-Saint-Lambert -- Gouvy,,103,,,
648,NMBS/SNCB,P,Louvain-La-Neuve -- Mouscron,,103,,,
649,NMBS/SNCB,L,Gand-Saint-Pierre -- Courtrai,,100,,,
65,NMBS/SNCB,L,Bruxelles-Nord -- Hal,,100,,,
650,NMBS/SNCB,L,Malines -- Courtrai,,100,,,
651,NMBS/SNCB,P,Mons -- Quiévrain,,103,,,
652,NMBS/SNCB,P,Tournai -- Ath,,103,,,
653,NMBS/SNCB,P,Mons -- Grammont,,103,,,
654,NMBS/SNCB,P,Namur -- Rochefort-Jemelle,,103,,,
655,NMBS/SNCB,P,Ciney -- Libramont,,103,,,
656,NMBS/SNCB,L,Termonde -- Courtrai,,100,,,
657,NMBS/SNCB,P,Liège-Saint-Lambert -- Arlon,,103,,,
658,NMBS/SNCB,P,Rivage -- Arlon,,103,,,
659,NMBS/SNCB,P,Namur -- Arlon,,103,,,
66,NMBS/SNCB,BUS,Rivage -- Bomal,,700,,,
660,NMBS/SNCB,P,Rodange (LU) -- Gouvy,,103,,,
661,NMBS/SNCB,P,Louvain-La-Neuve -- Binche,,103,,,
662,NMBS/SNCB,L,Termonde -- Waregem,,100,,,
663,NMBS/SNCB,P,Mons -- Manage,,103,,,
664,NMBS/SNCB,P,Schaerbeek -- Saint-Ghislain,,103,,,
665,NMBS/SNCB,P,Sint-Joris-Weert -- Poperinge,,103,,,
666,NMBS/SNCB,P,Schaerbeek -- Bruges,,103,,,
667,NMBS/SNCB,S3,Schaerbeek -- Courtrai,,100,,,
668,NMBS/SNCB,P,Zottegem -- Denderleeuw,,103,,,
669,NMBS/SNCB,P,Zottegem -- Poperinge,,103,,,
67,NMBS/SNCB,BUS,Hal -- Enghien,,700,,,
670,NMBS/SNCB,P,Gand-Saint-Pierre -- Lichtervelde,,103,,,
671,NMBS/SNCB,IC,Namur -- Courtrai,,103,,,
672,NMBS/SNCB,IC,Namur -- Tournai,,103,,,
673,NMBS/SNCB,IC,Amsterdam Cs (NL) -- Bruxelles-Midi,,103,,,
674,NMBS/SNCB,IC,Rotterdam CS (NL) -- Bruxelles-Midi,,103,,,
675,NMBS/SNCB,IC,Amsterdam Cs (NL) -- Bruxelles-Nord,,103,,,
676,NMBS/SNCB,L,Marloie -- Libramont,,100,,,
677,NMBS/SNCB,IZY,Paris Nord (FR) -- Bruxelles-Midi,,101,,,
678,NMBS/SNCB,IC,Den Haag HS (NL) -- Bruxelles-Midi,,103,,,
679,NMBS/SNCB,IC,Den Haag HS (NL) -- Bruxelles-Nord,,103,,,
68,NMBS/SNCB,BUS,Anvers-Noorderdokken -- Essen,,700,,,
69,NMBS/SNCB,L,Bruxelles-Midi -- Hal,,100,,,
7,NMBS/SNCB,IC,Liège-Guillemins -- Gouvy,,103,,,
70,NMBS/SNCB,BUS,Rivage -- Trois-Ponts,,700,,,
71,NMBS/SNCB,BUS,Hal -- Denderleeuw,,700,,,
72,NMBS/SNCB,BUS,Dinant -- Houyet,,700,,,
73,NMBS/SNCB,BUS,Saint-Nicolas -- Zwijndrecht,,700,,,
74,NMBS/SNCB,BUS,Lokeren -- Saint-Nicolas,,700,,,
75,NMBS/SNCB,BUS,Saint-Ghislain -- Quiévrain,,700,,,
76,NMBS/SNCB,BUS,Liège-Guillemins -- Flémalle-Haute,,700,,,
77,NMBS/SNCB,BUS,Mons -- Quévy,,700,,,
78,NMBS/SNCB,BUS,Mons -- Saint-Ghislain,,700,,,
79,NMBS/SNCB,BUS,La Panne -- Dixmude,,700,,,
8,NMBS/SNCB,IC,Gouvy -- Trois-Ponts,,103,,,
80,NMBS/SNCB,BUS,Charleroi-Sud -- Couvin,,700,,,
81,NMBS/SNCB,BUS,Courtrai -- Poperinge,,700,,,
82,NMBS/SNCB,BUS,Anvers-Berchem -- Gand-Saint-Pierre,,700,,,
83,NMBS/SNCB,BUS,Anvers-Central -- Gand-Saint-Pierre,,700,,,
84,NMBS/SNCB,BUS,Saint-Nicolas -- Beveren,,700,,,
85,NMBS/SNCB,BUS,Malines -- Puurs,,700,,,
86,NMBS/SNCB,BUS,Gand-Saint-Pierre -- Gand-Dampoort,,700,,,
87,NMBS/SNCB,BUS,Audenarde -- Renaix,,700,,,
88,NMBS/SNCB,BUS,Hal -- Tournai,,700,,,
89,NMBS/SNCB,BUS,Courtrai -- Waregem,,700,,,
9,NMBS/SNCB,IC,Ettelbruck(LU) -- Liers,,103,,,
90,NMBS/SNCB,BUS,Charleroi-Sud -- La Louvière-Sud,,700,,,
91,NMBS/SNCB,BUS,Malines -- Termonde,,700,,,
92,NMBS/SNCB,BUS,Gand-Saint-Pierre -- Zottegem,,700,,,
93,NMBS/SNCB,BUS,Mons -- Quiévrain,,700,,,
94,NMBS/SNCB,BUS,Gand-Saint-Pierre -- Grammont,,700,,,
95,NMBS/SNCB,BUS,Zottegem -- Grammont,,700,,,
96,NMBS/SNCB,BUS,Hasselt -- Tongres,,700,,,
97,NMBS/SNCB,IC,Hal -- Brussels Airport-Zaventem,,103,,,
98,NMBS/SNCB,BUS,Charleroi-Sud -- Tamines,,700,,,
99,NMBS/SNCB,BUS,Hasselt -- Liège-Guillemins,,700,,,
